Problem,NumDims,Method,PopulationSize,NumFevals,GitID,ElapsedTime,StartTime,Fitness
Sphere,5,xnes,20,5000.0,03b1bf49a327ffbf5505fb710d6025e3a5dd7417,1.561471,2021-05-16 13:03:45,6.467335861064944e-9
Sphere,5,xnes,20,5000.0,03b1bf49a327ffbf5505fb710d6025e3a5dd7417,0.063996,2021-05-16 13:03:46,8.360342821153717e-9
Sphere,10,xnes,20,10000.0,03b1bf49a327ffbf5505fb710d6025e3a5dd7417,0.277613,2021-05-16 13:03:46,2.3873915065085583e-6
Sphere,10,xnes,20,10000.0,03b1bf49a327ffbf5505fb710d6025e3a5dd7417,0.609709,2021-05-16 13:03:46,2.3049756199249457e-6
Sphere,30,xnes,20,30000.0,03b1bf49a327ffbf5505fb710d6025e3a5dd7417,6.261732,2021-05-16 13:03:46,0.0178249283054676
Sphere,30,xnes,20,30000.0,03b1bf49a327ffbf5505fb710d6025e3a5dd7417,6.026901,2021-05-16 13:03:47,0.024541696111876794
Schwefel2.22,5,xnes,20,5000.0,03b1bf49a327ffbf5505fb710d6025e3a5dd7417,0.200296,2021-05-16 13:03:48,4.216004842026529e-6
Schwefel2.22,5,xnes,20,5000.0,03b1bf49a327ffbf5505fb710d6025e3a5dd7417,0.080175,2021-05-16 13:03:48,1.0067805581857991e-5
Schwefel2.22,10,xnes,20,10000.0,03b1bf49a327ffbf5505fb710d6025e3a5dd7417,0.245948,2021-05-16 13:03:48,0.002971331201825647
Schwefel2.22,10,xnes,20,10000.0,03b1bf49a327ffbf5505fb710d6025e3a5dd7417,0.292593,2021-05-16 13:03:48,0.002551779151938119
Schwefel2.22,30,xnes,20,30000.0,03b1bf49a327ffbf5505fb710d6025e3a5dd7417,5.548816,2021-05-16 13:03:49,0.6066255994152083
Schwefel2.22,30,xnes,20,30000.0,03b1bf49a327ffbf5505fb710d6025e3a5dd7417,5.734663,2021-05-16 13:03:49,0.670794685384995
Schwefel2.21,5,xnes,20,5000.0,03b1bf49a327ffbf5505fb710d6025e3a5dd7417,0.176873,2021-05-16 13:03:51,3.3132298541278945e-5
Schwefel2.21,5,xnes,20,5000.0,03b1bf49a327ffbf5505fb710d6025e3a5dd7417,0.066821,2021-05-16 13:03:51,7.096266752996035e-6
Schwefel2.21,10,xnes,20,10000.0,03b1bf49a327ffbf5505fb710d6025e3a5dd7417,0.273493,2021-05-16 13:03:51,0.0027288002156654542
Schwefel2.21,10,xnes,20,10000.0,03b1bf49a327ffbf5505fb710d6025e3a5dd7417,0.319325,2021-05-16 13:03:51,0.0029490955436744536
Schwefel2.21,30,xnes,20,30000.0,03b1bf49a327ffbf5505fb710d6025e3a5dd7417,5.656298,2021-05-16 13:03:51,0.18798186836339922
Schwefel2.21,30,xnes,20,30000.0,03b1bf49a327ffbf5505fb710d6025e3a5dd7417,5.935157,2021-05-16 13:03:52,0.20147981402951665
Schwefel1.2,5,xnes,20,5000.0,03b1bf49a327ffbf5505fb710d6025e3a5dd7417,0.166277,2021-05-16 13:03:53,9.177702944457458e-9
Schwefel1.2,5,xnes,20,5000.0,03b1bf49a327ffbf5505fb710d6025e3a5dd7417,0.067007,2021-05-16 13:03:53,9.897298151032812e-9
Schwefel1.2,10,xnes,50,50000.0,03b1bf49a327ffbf5505fb710d6025e3a5dd7417,0.382109,2021-05-16 13:03:53,7.030032614967762e-9
Schwefel1.2,10,xnes,50,50000.0,03b1bf49a327ffbf5505fb710d6025e3a5dd7417,0.332318,2021-05-16 13:03:53,9.28634323056239e-9
Schwefel1.2,30,xnes,50,200000.0,03b1bf49a327ffbf5505fb710d6025e3a5dd7417,17.323091,2021-05-16 13:03:53,9.684417989155735e-9
Schwefel1.2,30,xnes,50,200000.0,03b1bf49a327ffbf5505fb710d6025e3a5dd7417,16.790811,2021-05-16 13:03:56,8.005775287049847e-9
Schwefel1.2,50,xnes,50,300000.0,03b1bf49a327ffbf5505fb710d6025e3a5dd7417,101.483809,2021-05-16 13:03:58,9.284418998673523e-9
Schwefel1.2,50,xnes,50,300000.0,03b1bf49a327ffbf5505fb710d6025e3a5dd7417,100.914266,2021-05-16 13:04:15,8.478355964431016e-9
Rosenbrock,5,xnes,20,10000.0,03b1bf49a327ffbf5505fb710d6025e3a5dd7417,0.185524,2021-05-16 13:04:31,7.84080780290966e-9
Rosenbrock,5,xnes,20,10000.0,03b1bf49a327ffbf5505fb710d6025e3a5dd7417,0.076054,2021-05-16 13:04:31,9.138867134516122e-9
Rosenbrock,10,xnes,50,50000.0,03b1bf49a327ffbf5505fb710d6025e3a5dd7417,0.497805,2021-05-16 13:04:31,4.5629396788865985e-9
Rosenbrock,10,xnes,50,50000.0,03b1bf49a327ffbf5505fb710d6025e3a5dd7417,0.465201,2021-05-16 13:04:31,9.870681276629817e-9
Rosenbrock,30,xnes,50,200000.0,03b1bf49a327ffbf5505fb710d6025e3a5dd7417,21.979528,2021-05-16 13:04:32,7.922330291400745e-9
Rosenbrock,30,xnes,50,200000.0,03b1bf49a327ffbf5505fb710d6025e3a5dd7417,23.240431,2021-05-16 13:04:35,9.50621940588593e-9
Rosenbrock,50,xnes,40,300000.0,03b1bf49a327ffbf5505fb710d6025e3a5dd7417,135.237808,2021-05-16 13:04:39,1.4726194224351598e-7
Rosenbrock,50,xnes,40,300000.0,03b1bf49a327ffbf5505fb710d6025e3a5dd7417,138.517955,2021-05-16 13:05:00,2.243839144906385e-7
Rastrigin,50,xnes,50,500000.0,03b1bf49a327ffbf5505fb710d6025e3a5dd7417,235.196834,2021-05-16 13:05:23,82.58147577163709
Rastrigin,50,xnes,50,500000.0,03b1bf49a327ffbf5505fb710d6025e3a5dd7417,234.9663,2021-05-16 13:06:01,67.65714027628809
Rastrigin,100,xnes,90,800000.0,03b1bf49a327ffbf5505fb710d6025e3a5dd7417,1306.600214,2021-05-16 13:06:39,844.3946675938071
Rastrigin,100,xnes,90,800000.0,03b1bf49a327ffbf5505fb710d6025e3a5dd7417,1257.494371,2021-05-16 13:09:42,901.0655292735504
Ackley,50,xnes,50,500000.0,03b1bf49a327ffbf5505fb710d6025e3a5dd7417,171.3518,2021-05-16 13:12:30,9.7184766900682e-9
Ackley,50,xnes,50,500000.0,03b1bf49a327ffbf5505fb710d6025e3a5dd7417,173.377169,2021-05-16 13:12:57,9.677144419129036e-9
Ackley,100,xnes,90,800000.0,03b1bf49a327ffbf5505fb710d6025e3a5dd7417,1221.617606,2021-05-16 13:13:25,2.8075579759256897e-5
Ackley,100,xnes,90,800000.0,03b1bf49a327ffbf5505fb710d6025e3a5dd7417,1316.073151,2021-05-16 13:16:08,2.6627169006587792e-5
Griewank,50,xnes,50,500000.0,03b1bf49a327ffbf5505fb710d6025e3a5dd7417,222.41895,2021-05-16 13:19:13,0.012316072519261478
Griewank,50,xnes,50,500000.0,03b1bf49a327ffbf5505fb710d6025e3a5dd7417,85.11253,2021-05-16 13:19:47,9.390525912422731e-9
Griewank,100,xnes,90,800000.0,03b1bf49a327ffbf5505fb710d6025e3a5dd7417,989.665394,2021-05-16 13:20:00,9.222133945385735e-9
Griewank,100,xnes,90,800000.0,03b1bf49a327ffbf5505fb710d6025e3a5dd7417,1027.19303,2021-05-16 13:22:13,9.725182548159239e-9
Sphere,5,dxnes,20,5000.0,03b1bf49a327ffbf5505fb710d6025e3a5dd7417,0.778072,2021-05-16 13:24:40,3.875324497926873e-9
Sphere,5,dxnes,20,5000.0,03b1bf49a327ffbf5505fb710d6025e3a5dd7417,0.023305,2021-05-16 13:24:40,8.59782696208914e-9
Sphere,10,dxnes,20,10000.0,03b1bf49a327ffbf5505fb710d6025e3a5dd7417,0.04448,2021-05-16 13:24:40,6.316018151163525e-9
Sphere,10,dxnes,20,10000.0,03b1bf49a327ffbf5505fb710d6025e3a5dd7417,0.048545,2021-05-16 13:24:40,7.1410190516563724e-9
Sphere,30,dxnes,20,30000.0,03b1bf49a327ffbf5505fb710d6025e3a5dd7417,0.758401,2021-05-16 13:24:40,8.58272337646769e-9
Sphere,30,dxnes,20,30000.0,03b1bf49a327ffbf5505fb710d6025e3a5dd7417,0.641796,2021-05-16 13:24:40,8.293835346778616e-9
Schwefel2.22,5,dxnes,20,5000.0,03b1bf49a327ffbf5505fb710d6025e3a5dd7417,0.951841,2021-05-16 13:24:40,22.892880391939478
Schwefel2.22,5,dxnes,20,5000.0,03b1bf49a327ffbf5505fb710d6025e3a5dd7417,0.028543,2021-05-16 13:24:41,9.630536920420642e-9
Schwefel2.22,10,dxnes,20,10000.0,03b1bf49a327ffbf5505fb710d6025e3a5dd7417,0.282515,2021-05-16 13:24:41,0.03328221568405082
Schwefel2.22,10,dxnes,20,10000.0,03b1bf49a327ffbf5505fb710d6025e3a5dd7417,0.308226,2021-05-16 13:24:41,0.4219464752174413
Schwefel2.22,30,dxnes,20,30000.0,03b1bf49a327ffbf5505fb710d6025e3a5dd7417,5.154748,2021-05-16 13:24:41,9.989729989205218
Schwefel2.22,30,dxnes,20,30000.0,03b1bf49a327ffbf5505fb710d6025e3a5dd7417,5.352986,2021-05-16 13:24:42,17.598405750011306
Schwefel2.21,5,dxnes,20,5000.0,03b1bf49a327ffbf5505fb710d6025e3a5dd7417,0.886847,2021-05-16 13:24:42,0.3492291691271386
Schwefel2.21,5,dxnes,20,5000.0,03b1bf49a327ffbf5505fb710d6025e3a5dd7417,0.148514,2021-05-16 13:24:43,0.04753659409902838
Schwefel2.21,10,dxnes,20,10000.0,03b1bf49a327ffbf5505fb710d6025e3a5dd7417,0.265431,2021-05-16 13:24:43,1.0971529135637637
Schwefel2.21,10,dxnes,20,10000.0,03b1bf49a327ffbf5505fb710d6025e3a5dd7417,0.250756,2021-05-16 13:24:43,7.378582303843609
Schwefel2.21,30,dxnes,20,30000.0,03b1bf49a327ffbf5505fb710d6025e3a5dd7417,5.660157,2021-05-16 13:24:43,63.18122377743101
Schwefel2.21,30,dxnes,20,30000.0,03b1bf49a327ffbf5505fb710d6025e3a5dd7417,5.746654,2021-05-16 13:24:44,57.46052888356888
Schwefel1.2,5,dxnes,20,5000.0,03b1bf49a327ffbf5505fb710d6025e3a5dd7417,0.738107,2021-05-16 13:24:45,9.862282089443734e-9
Schwefel1.2,5,dxnes,20,5000.0,03b1bf49a327ffbf5505fb710d6025e3a5dd7417,0.032349,2021-05-16 13:24:45,9.742802167328657e-9
Schwefel1.2,10,dxnes,50,50000.0,03b1bf49a327ffbf5505fb710d6025e3a5dd7417,0.114852,2021-05-16 13:24:45,8.406979465244531e-9
Schwefel1.2,10,dxnes,50,50000.0,03b1bf49a327ffbf5505fb710d6025e3a5dd7417,0.186927,2021-05-16 13:24:45,7.79943481469565e-9
Schwefel1.2,30,dxnes,50,200000.0,03b1bf49a327ffbf5505fb710d6025e3a5dd7417,5.885697,2021-05-16 13:24:45,9.488499670023894e-9
Schwefel1.2,30,dxnes,50,200000.0,03b1bf49a327ffbf5505fb710d6025e3a5dd7417,6.181132,2021-05-16 13:24:46,9.976624001806547e-9
Schwefel1.2,50,dxnes,50,300000.0,03b1bf49a327ffbf5505fb710d6025e3a5dd7417,34.003635,2021-05-16 13:24:47,9.966360834345186e-9
Schwefel1.2,50,dxnes,50,300000.0,03b1bf49a327ffbf5505fb710d6025e3a5dd7417,30.606387,2021-05-16 13:24:52,9.927274613238561e-9
Rosenbrock,5,dxnes,20,10000.0,03b1bf49a327ffbf5505fb710d6025e3a5dd7417,0.882257,2021-05-16 13:24:57,6.984025240530452e-9
Rosenbrock,5,dxnes,20,10000.0,03b1bf49a327ffbf5505fb710d6025e3a5dd7417,0.180344,2021-05-16 13:24:58,8.48758570822258e-9
Rosenbrock,10,dxnes,50,50000.0,03b1bf49a327ffbf5505fb710d6025e3a5dd7417,0.24588,2021-05-16 13:24:58,8.879837831148302e-9
Rosenbrock,10,dxnes,50,50000.0,03b1bf49a327ffbf5505fb710d6025e3a5dd7417,0.367865,2021-05-16 13:24:58,6.379326503233497e-9
Rosenbrock,30,dxnes,50,200000.0,03b1bf49a327ffbf5505fb710d6025e3a5dd7417,31.12476,2021-05-16 13:24:58,9.973424147768083e-9
Rosenbrock,30,dxnes,50,200000.0,03b1bf49a327ffbf5505fb710d6025e3a5dd7417,27.591032,2021-05-16 13:25:03,9.971630349734497e-9
Rosenbrock,50,dxnes,40,300000.0,03b1bf49a327ffbf5505fb710d6025e3a5dd7417,129.447153,2021-05-16 13:25:07,21.286245782282066
Rosenbrock,50,dxnes,40,300000.0,03b1bf49a327ffbf5505fb710d6025e3a5dd7417,130.0708,2021-05-16 13:25:28,21.779434069381143
Rastrigin,50,dxnes,50,500000.0,03b1bf49a327ffbf5505fb710d6025e3a5dd7417,214.102003,2021-05-16 13:25:49,86.56121580211266
Rastrigin,50,dxnes,50,500000.0,03b1bf49a327ffbf5505fb710d6025e3a5dd7417,211.923959,2021-05-16 13:26:23,81.586546917649
Rastrigin,100,dxnes,90,800000.0,03b1bf49a327ffbf5505fb710d6025e3a5dd7417,1244.401662,2021-05-16 13:26:56,208.94095793335703
Rastrigin,100,dxnes,90,800000.0,03b1bf49a327ffbf5505fb710d6025e3a5dd7417,1418.000421,2021-05-16 13:29:43,194.01662740094673
Ackley,50,dxnes,50,500000.0,03b1bf49a327ffbf5505fb710d6025e3a5dd7417,290.242112,2021-05-16 13:32:59,1.5612830280096675
Ackley,50,dxnes,50,500000.0,03b1bf49a327ffbf5505fb710d6025e3a5dd7417,4.594538,2021-05-16 13:33:47,9.651500931795454e-9
Ackley,100,dxnes,90,800000.0,03b1bf49a327ffbf5505fb710d6025e3a5dd7417,1487.168096,2021-05-16 13:33:47,2.452398608066426
Ackley,100,dxnes,90,800000.0,03b1bf49a327ffbf5505fb710d6025e3a5dd7417,1269.273107,2021-05-16 13:37:16,1.7266174474232003
Griewank,50,dxnes,50,500000.0,03b1bf49a327ffbf5505fb710d6025e3a5dd7417,5.936763,2021-05-16 13:42:00,9.717123106156578e-9
Griewank,50,dxnes,50,500000.0,03b1bf49a327ffbf5505fb710d6025e3a5dd7417,4.850448,2021-05-16 13:42:01,9.675903300809807e-9
Griewank,100,dxnes,90,800000.0,03b1bf49a327ffbf5505fb710d6025e3a5dd7417,48.057299,2021-05-16 13:42:02,9.916042875701692e-9
Griewank,100,dxnes,90,800000.0,03b1bf49a327ffbf5505fb710d6025e3a5dd7417,45.688353,2021-05-16 13:42:08,9.729955174897498e-9
Sphere,5,resampling_memetic_search,20,5000.0,03b1bf49a327ffbf5505fb710d6025e3a5dd7417,0.322827,2021-05-16 13:42:15,3.0345609195638168e-9
Sphere,5,resampling_memetic_search,20,5000.0,03b1bf49a327ffbf5505fb710d6025e3a5dd7417,0.000617,2021-05-16 13:42:15,5.2168098635843664e-9
Sphere,10,resampling_memetic_search,20,10000.0,03b1bf49a327ffbf5505fb710d6025e3a5dd7417,0.023565,2021-05-16 13:42:15,7.687537209210718e-9
Sphere,10,resampling_memetic_search,20,10000.0,03b1bf49a327ffbf5505fb710d6025e3a5dd7417,0.001029,2021-05-16 13:42:15,3.320464677121028e-9
Sphere,30,resampling_memetic_search,20,30000.0,03b1bf49a327ffbf5505fb710d6025e3a5dd7417,0.002473,2021-05-16 13:42:15,3.2861118495197692e-9
Sphere,30,resampling_memetic_search,20,30000.0,03b1bf49a327ffbf5505fb710d6025e3a5dd7417,0.002354,2021-05-16 13:42:15,6.03527209778861e-9
Schwefel2.22,5,resampling_memetic_search,20,5000.0,03b1bf49a327ffbf5505fb710d6025e3a5dd7417,0.198457,2021-05-16 13:42:15,3.422331362301634e-6
Schwefel2.22,5,resampling_memetic_search,20,5000.0,03b1bf49a327ffbf5505fb710d6025e3a5dd7417,0.001541,2021-05-16 13:42:15,1.2926781395528053e-5
Schwefel2.22,10,resampling_memetic_search,20,10000.0,03b1bf49a327ffbf5505fb710d6025e3a5dd7417,0.00277,2021-05-16 13:42:15,4.445324826033979
Schwefel2.22,10,resampling_memetic_search,20,10000.0,03b1bf49a327ffbf5505fb710d6025e3a5dd7417,0.002724,2021-05-16 13:42:15,0.13059156974729014
Schwefel2.22,30,resampling_memetic_search,20,30000.0,03b1bf49a327ffbf5505fb710d6025e3a5dd7417,0.006148,2021-05-16 13:42:15,12.00916685935854
Schwefel2.22,30,resampling_memetic_search,20,30000.0,03b1bf49a327ffbf5505fb710d6025e3a5dd7417,0.006043,2021-05-16 13:42:15,11.018255236001135
Schwefel2.21,5,resampling_memetic_search,20,5000.0,03b1bf49a327ffbf5505fb710d6025e3a5dd7417,0.194689,2021-05-16 13:42:15,0.004180729770354219
Schwefel2.21,5,resampling_memetic_search,20,5000.0,03b1bf49a327ffbf5505fb710d6025e3a5dd7417,0.001593,2021-05-16 13:42:16,0.66787362415252
Schwefel2.21,10,resampling_memetic_search,20,10000.0,03b1bf49a327ffbf5505fb710d6025e3a5dd7417,0.002653,2021-05-16 13:42:16,16.023224324899658
Schwefel2.21,10,resampling_memetic_search,20,10000.0,03b1bf49a327ffbf5505fb710d6025e3a5dd7417,0.002498,2021-05-16 13:42:16,8.48933093098033
Schwefel2.21,30,resampling_memetic_search,20,30000.0,03b1bf49a327ffbf5505fb710d6025e3a5dd7417,0.009803,2021-05-16 13:42:16,63.137546233767694
Schwefel2.21,30,resampling_memetic_search,20,30000.0,03b1bf49a327ffbf5505fb710d6025e3a5dd7417,0.009973,2021-05-16 13:42:16,56.13828090680545
Schwefel1.2,5,resampling_memetic_search,20,5000.0,03b1bf49a327ffbf5505fb710d6025e3a5dd7417,0.199878,2021-05-16 13:42:16,160.37595961846193
Schwefel1.2,5,resampling_memetic_search,20,5000.0,03b1bf49a327ffbf5505fb710d6025e3a5dd7417,0.00205,2021-05-16 13:42:16,3.7609058898138468
Schwefel1.2,10,resampling_memetic_search,50,50000.0,03b1bf49a327ffbf5505fb710d6025e3a5dd7417,0.014268,2021-05-16 13:42:16,886.9795272924428
Schwefel1.2,10,resampling_memetic_search,50,50000.0,03b1bf49a327ffbf5505fb710d6025e3a5dd7417,0.014434,2021-05-16 13:42:16,424.14348806762115
Schwefel1.2,30,resampling_memetic_search,50,200000.0,03b1bf49a327ffbf5505fb710d6025e3a5dd7417,0.073797,2021-05-16 13:42:16,30790.57450363982
Schwefel1.2,30,resampling_memetic_search,50,200000.0,03b1bf49a327ffbf5505fb710d6025e3a5dd7417,0.070614,2021-05-16 13:42:16,25877.245939234414
Schwefel1.2,50,resampling_memetic_search,50,300000.0,03b1bf49a327ffbf5505fb710d6025e3a5dd7417,0.137113,2021-05-16 13:42:16,89121.70621056993
Schwefel1.2,50,resampling_memetic_search,50,300000.0,03b1bf49a327ffbf5505fb710d6025e3a5dd7417,0.128199,2021-05-16 13:42:16,80749.2142535224
Rosenbrock,5,resampling_memetic_search,20,10000.0,03b1bf49a327ffbf5505fb710d6025e3a5dd7417,0.480805,2021-05-16 13:42:16,2.034521935235315
Rosenbrock,5,resampling_memetic_search,20,10000.0,03b1bf49a327ffbf5505fb710d6025e3a5dd7417,0.345678,2021-05-16 13:42:17,0.004359287625009116
Rosenbrock,10,resampling_memetic_search,50,50000.0,03b1bf49a327ffbf5505fb710d6025e3a5dd7417,0.069125,2021-05-16 13:42:17,0.28352529642760665
Rosenbrock,10,resampling_memetic_search,50,50000.0,03b1bf49a327ffbf5505fb710d6025e3a5dd7417,0.075166,2021-05-16 13:42:17,4.296131191957527
Rosenbrock,30,resampling_memetic_search,50,200000.0,03b1bf49a327ffbf5505fb710d6025e3a5dd7417,0.302113,2021-05-16 13:42:17,6.313819550676475
Rosenbrock,30,resampling_memetic_search,50,200000.0,03b1bf49a327ffbf5505fb710d6025e3a5dd7417,0.085386,2021-05-16 13:42:18,20.133104582307954
Rosenbrock,50,resampling_memetic_search,40,300000.0,03b1bf49a327ffbf5505fb710d6025e3a5dd7417,0.753382,2021-05-16 13:42:18,22.323414268090467
Rosenbrock,50,resampling_memetic_search,40,300000.0,03b1bf49a327ffbf5505fb710d6025e3a5dd7417,0.999125,2021-05-16 13:42:18,22.104975068749646
Rastrigin,50,resampling_memetic_search,50,500000.0,03b1bf49a327ffbf5505fb710d6025e3a5dd7417,0.46915,2021-05-16 13:42:19,36.81348008593875
Rastrigin,50,resampling_memetic_search,50,500000.0,03b1bf49a327ffbf5505fb710d6025e3a5dd7417,0.257288,2021-05-16 13:42:20,39.79834717923211
Rastrigin,100,resampling_memetic_search,90,800000.0,03b1bf49a327ffbf5505fb710d6025e3a5dd7417,0.731214,2021-05-16 13:42:20,82.58153118686755
Rastrigin,100,resampling_memetic_search,90,800000.0,03b1bf49a327ffbf5505fb710d6025e3a5dd7417,0.668561,2021-05-16 13:42:21,71.63702694445112
Ackley,50,resampling_memetic_search,50,500000.0,03b1bf49a327ffbf5505fb710d6025e3a5dd7417,0.638563,2021-05-16 13:42:22,2.0133152370390737
Ackley,50,resampling_memetic_search,50,500000.0,03b1bf49a327ffbf5505fb710d6025e3a5dd7417,0.296852,2021-05-16 13:42:22,2.200674512608536
Ackley,100,resampling_memetic_search,90,800000.0,03b1bf49a327ffbf5505fb710d6025e3a5dd7417,0.769332,2021-05-16 13:42:22,2.7686415523704406
Ackley,100,resampling_memetic_search,90,800000.0,03b1bf49a327ffbf5505fb710d6025e3a5dd7417,1.112713,2021-05-16 13:42:23,3.7328680673567187
Griewank,50,resampling_memetic_search,50,500000.0,03b1bf49a327ffbf5505fb710d6025e3a5dd7417,0.488122,2021-05-16 13:42:24,2.1839387953637157e-7
Griewank,50,resampling_memetic_search,50,500000.0,03b1bf49a327ffbf5505fb710d6025e3a5dd7417,0.293581,2021-05-16 13:42:25,1.1470187659678999e-6
Griewank,100,resampling_memetic_search,90,800000.0,03b1bf49a327ffbf5505fb710d6025e3a5dd7417,0.673163,2021-05-16 13:42:25,1.232120499516931e-6
Griewank,100,resampling_memetic_search,90,800000.0,03b1bf49a327ffbf5505fb710d6025e3a5dd7417,0.850661,2021-05-16 13:42:26,1.863053018635874e-6
Sphere,5,de_rand_1_bin,20,5000.0,03b1bf49a327ffbf5505fb710d6025e3a5dd7417,0.800318,2021-05-16 13:42:27,9.727366760824211e-9
Sphere,5,de_rand_1_bin,20,5000.0,03b1bf49a327ffbf5505fb710d6025e3a5dd7417,0.003363,2021-05-16 13:42:28,7.923028319898139e-9
Sphere,10,de_rand_1_bin,20,10000.0,03b1bf49a327ffbf5505fb710d6025e3a5dd7417,0.00712,2021-05-16 13:42:28,8.69826046051192e-9
Sphere,10,de_rand_1_bin,20,10000.0,03b1bf49a327ffbf5505fb710d6025e3a5dd7417,0.007033,2021-05-16 13:42:28,6.805178744827026e-9
Sphere,30,de_rand_1_bin,20,30000.0,03b1bf49a327ffbf5505fb710d6025e3a5dd7417,0.028926,2021-05-16 13:42:28,8.339534920004572e-9
Sphere,30,de_rand_1_bin,20,30000.0,03b1bf49a327ffbf5505fb710d6025e3a5dd7417,0.02735,2021-05-16 13:42:28,9.981958537308401e-9
Schwefel2.22,5,de_rand_1_bin,20,5000.0,03b1bf49a327ffbf5505fb710d6025e3a5dd7417,0.154848,2021-05-16 13:42:28,7.565525045914517e-9
Schwefel2.22,5,de_rand_1_bin,20,5000.0,03b1bf49a327ffbf5505fb710d6025e3a5dd7417,0.005064,2021-05-16 13:42:28,9.372297303497986e-9
Schwefel2.22,10,de_rand_1_bin,20,10000.0,03b1bf49a327ffbf5505fb710d6025e3a5dd7417,0.010285,2021-05-16 13:42:28,9.552431728030015e-9
Schwefel2.22,10,de_rand_1_bin,20,10000.0,03b1bf49a327ffbf5505fb710d6025e3a5dd7417,0.009844,2021-05-16 13:42:28,9.448447152984531e-9
Schwefel2.22,30,de_rand_1_bin,20,30000.0,03b1bf49a327ffbf5505fb710d6025e3a5dd7417,0.054205,2021-05-16 13:42:28,1.4713676034800835e-8
Schwefel2.22,30,de_rand_1_bin,20,30000.0,03b1bf49a327ffbf5505fb710d6025e3a5dd7417,0.034609,2021-05-16 13:42:28,1.569798688887599e-8
Schwefel2.21,5,de_rand_1_bin,20,5000.0,03b1bf49a327ffbf5505fb710d6025e3a5dd7417,0.151319,2021-05-16 13:42:28,9.456903246465862e-7
Schwefel2.21,5,de_rand_1_bin,20,5000.0,03b1bf49a327ffbf5505fb710d6025e3a5dd7417,0.004557,2021-05-16 13:42:28,4.0928024826646023e-7
Schwefel2.21,10,de_rand_1_bin,20,10000.0,03b1bf49a327ffbf5505fb710d6025e3a5dd7417,0.00943,2021-05-16 13:42:28,0.0021350117266810244
Schwefel2.21,10,de_rand_1_bin,20,10000.0,03b1bf49a327ffbf5505fb710d6025e3a5dd7417,0.00956,2021-05-16 13:42:28,0.0013872262866965732
Schwefel2.21,30,de_rand_1_bin,20,30000.0,03b1bf49a327ffbf5505fb710d6025e3a5dd7417,0.038108,2021-05-16 13:42:28,12.909429985529048
Schwefel2.21,30,de_rand_1_bin,20,30000.0,03b1bf49a327ffbf5505fb710d6025e3a5dd7417,0.038478,2021-05-16 13:42:28,12.550821163050735
Schwefel1.2,5,de_rand_1_bin,20,5000.0,03b1bf49a327ffbf5505fb710d6025e3a5dd7417,0.150825,2021-05-16 13:42:28,1.1837527263848101e-8
Schwefel1.2,5,de_rand_1_bin,20,5000.0,03b1bf49a327ffbf5505fb710d6025e3a5dd7417,0.004897,2021-05-16 13:42:28,8.25385156351997e-9
Schwefel1.2,10,de_rand_1_bin,50,50000.0,03b1bf49a327ffbf5505fb710d6025e3a5dd7417,0.068606,2021-05-16 13:42:28,7.84713023938578e-6
Schwefel1.2,10,de_rand_1_bin,50,50000.0,03b1bf49a327ffbf5505fb710d6025e3a5dd7417,0.046902,2021-05-16 13:42:28,8.349646725336803e-7
Schwefel1.2,30,de_rand_1_bin,50,200000.0,03b1bf49a327ffbf5505fb710d6025e3a5dd7417,0.276526,2021-05-16 13:42:28,7082.542844361881
Schwefel1.2,30,de_rand_1_bin,50,200000.0,03b1bf49a327ffbf5505fb710d6025e3a5dd7417,0.285973,2021-05-16 13:42:29,4075.6538676142573
Schwefel1.2,50,de_rand_1_bin,50,300000.0,03b1bf49a327ffbf5505fb710d6025e3a5dd7417,0.508312,2021-05-16 13:42:29,43641.65380542504
Schwefel1.2,50,de_rand_1_bin,50,300000.0,03b1bf49a327ffbf5505fb710d6025e3a5dd7417,0.514145,2021-05-16 13:42:30,43440.85812429525
Rosenbrock,5,de_rand_1_bin,20,10000.0,03b1bf49a327ffbf5505fb710d6025e3a5dd7417,0.156842,2021-05-16 13:42:30,1.8281765557660995e-8
Rosenbrock,5,de_rand_1_bin,20,10000.0,03b1bf49a327ffbf5505fb710d6025e3a5dd7417,0.009651,2021-05-16 13:42:30,3.91015690972095e-8
Rosenbrock,10,de_rand_1_bin,50,50000.0,03b1bf49a327ffbf5505fb710d6025e3a5dd7417,0.049542,2021-05-16 13:42:30,0.0009801004451569961
Rosenbrock,10,de_rand_1_bin,50,50000.0,03b1bf49a327ffbf5505fb710d6025e3a5dd7417,0.061625,2021-05-16 13:42:30,0.0005043321328172742
Rosenbrock,30,de_rand_1_bin,50,200000.0,03b1bf49a327ffbf5505fb710d6025e3a5dd7417,0.270744,2021-05-16 13:42:30,9.187112017122768
Rosenbrock,30,de_rand_1_bin,50,200000.0,03b1bf49a327ffbf5505fb710d6025e3a5dd7417,0.272323,2021-05-16 13:42:31,8.775494785765275
Rosenbrock,50,de_rand_1_bin,40,300000.0,03b1bf49a327ffbf5505fb710d6025e3a5dd7417,0.499433,2021-05-16 13:42:31,26.852496050060495
Rosenbrock,50,de_rand_1_bin,40,300000.0,03b1bf49a327ffbf5505fb710d6025e3a5dd7417,0.497976,2021-05-16 13:42:31,26.429456059516017
Rastrigin,50,de_rand_1_bin,50,500000.0,03b1bf49a327ffbf5505fb710d6025e3a5dd7417,1.332627,2021-05-16 13:42:32,293.3600798065376
Rastrigin,50,de_rand_1_bin,50,500000.0,03b1bf49a327ffbf5505fb710d6025e3a5dd7417,1.177697,2021-05-16 13:42:33,318.2574374883782
Rastrigin,100,de_rand_1_bin,90,800000.0,03b1bf49a327ffbf5505fb710d6025e3a5dd7417,3.143568,2021-05-16 13:42:34,921.4577641694287
Rastrigin,100,de_rand_1_bin,90,800000.0,03b1bf49a327ffbf5505fb710d6025e3a5dd7417,3.088338,2021-05-16 13:42:38,895.8903243925
Ackley,50,de_rand_1_bin,50,500000.0,03b1bf49a327ffbf5505fb710d6025e3a5dd7417,0.74504,2021-05-16 13:42:41,8.768260784108861e-9
Ackley,50,de_rand_1_bin,50,500000.0,03b1bf49a327ffbf5505fb710d6025e3a5dd7417,0.608667,2021-05-16 13:42:41,9.795403599355268e-9
Ackley,100,de_rand_1_bin,90,800000.0,03b1bf49a327ffbf5505fb710d6025e3a5dd7417,2.81884,2021-05-16 13:42:42,0.12492483124892617
Ackley,100,de_rand_1_bin,90,800000.0,03b1bf49a327ffbf5505fb710d6025e3a5dd7417,2.840437,2021-05-16 13:42:45,0.14285290700083397
Griewank,50,de_rand_1_bin,50,500000.0,03b1bf49a327ffbf5505fb710d6025e3a5dd7417,0.555599,2021-05-16 13:42:48,9.703983283593232e-9
Griewank,50,de_rand_1_bin,50,500000.0,03b1bf49a327ffbf5505fb710d6025e3a5dd7417,0.404971,2021-05-16 13:42:48,9.592214467168958e-9
Griewank,100,de_rand_1_bin,90,800000.0,03b1bf49a327ffbf5505fb710d6025e3a5dd7417,3.105089,2021-05-16 13:42:49,0.2596413966498724
Griewank,100,de_rand_1_bin,90,800000.0,03b1bf49a327ffbf5505fb710d6025e3a5dd7417,3.051571,2021-05-16 13:42:52,0.1592219210360203
Sphere,5,simultaneous_perturbation_stochastic_approximation,20,5000.0,03b1bf49a327ffbf5505fb710d6025e3a5dd7417,0.314525,2021-05-16 13:42:55,18969.00676587812
Sphere,5,simultaneous_perturbation_stochastic_approximation,20,5000.0,03b1bf49a327ffbf5505fb710d6025e3a5dd7417,0.006608,2021-05-16 13:42:55,8150.895829980498
Sphere,10,simultaneous_perturbation_stochastic_approximation,20,10000.0,03b1bf49a327ffbf5505fb710d6025e3a5dd7417,0.012796,2021-05-16 13:42:55,24098.702838418787
Sphere,10,simultaneous_perturbation_stochastic_approximation,20,10000.0,03b1bf49a327ffbf5505fb710d6025e3a5dd7417,0.012652,2021-05-16 13:42:55,12930.716079699554
Sphere,30,simultaneous_perturbation_stochastic_approximation,20,30000.0,03b1bf49a327ffbf5505fb710d6025e3a5dd7417,0.047246,2021-05-16 13:42:55,48318.173577405454
Sphere,30,simultaneous_perturbation_stochastic_approximation,20,30000.0,03b1bf49a327ffbf5505fb710d6025e3a5dd7417,0.04834,2021-05-16 13:42:55,43147.05600729438
Schwefel2.22,5,simultaneous_perturbation_stochastic_approximation,20,5000.0,03b1bf49a327ffbf5505fb710d6025e3a5dd7417,0.146994,2021-05-16 13:42:55,7.0152411229160005
Schwefel2.22,5,simultaneous_perturbation_stochastic_approximation,20,5000.0,03b1bf49a327ffbf5505fb710d6025e3a5dd7417,0.021153,2021-05-16 13:42:56,9.820891730655404
Schwefel2.22,10,simultaneous_perturbation_stochastic_approximation,20,10000.0,03b1bf49a327ffbf5505fb710d6025e3a5dd7417,0.011118,2021-05-16 13:42:56,18.848115155935318
Schwefel2.22,10,simultaneous_perturbation_stochastic_approximation,20,10000.0,03b1bf49a327ffbf5505fb710d6025e3a5dd7417,0.010943,2021-05-16 13:42:56,18.131954100455665
Schwefel2.22,30,simultaneous_perturbation_stochastic_approximation,20,30000.0,03b1bf49a327ffbf5505fb710d6025e3a5dd7417,0.040039,2021-05-16 13:42:56,1.0998296606646217e10
Schwefel2.22,30,simultaneous_perturbation_stochastic_approximation,20,30000.0,03b1bf49a327ffbf5505fb710d6025e3a5dd7417,0.042871,2021-05-16 13:42:56,1.9922275303611013e8
Schwefel2.21,5,simultaneous_perturbation_stochastic_approximation,20,5000.0,03b1bf49a327ffbf5505fb710d6025e3a5dd7417,0.140864,2021-05-16 13:42:56,63.18840651371317
Schwefel2.21,5,simultaneous_perturbation_stochastic_approximation,20,5000.0,03b1bf49a327ffbf5505fb710d6025e3a5dd7417,0.005383,2021-05-16 13:42:56,92.67924213112659
Schwefel2.21,10,simultaneous_perturbation_stochastic_approximation,20,10000.0,03b1bf49a327ffbf5505fb710d6025e3a5dd7417,0.011106,2021-05-16 13:42:56,85.81971929296363
Schwefel2.21,10,simultaneous_perturbation_stochastic_approximation,20,10000.0,03b1bf49a327ffbf5505fb710d6025e3a5dd7417,0.011862,2021-05-16 13:42:56,94.8320145303077
Schwefel2.21,30,simultaneous_perturbation_stochastic_approximation,20,30000.0,03b1bf49a327ffbf5505fb710d6025e3a5dd7417,0.057622,2021-05-16 13:42:56,93.46611719663196
Schwefel2.21,30,simultaneous_perturbation_stochastic_approximation,20,30000.0,03b1bf49a327ffbf5505fb710d6025e3a5dd7417,0.037766,2021-05-16 13:42:56,98.144627603288
Schwefel1.2,5,simultaneous_perturbation_stochastic_approximation,20,5000.0,03b1bf49a327ffbf5505fb710d6025e3a5dd7417,0.141224,2021-05-16 13:42:56,8767.995325142778
Schwefel1.2,5,simultaneous_perturbation_stochastic_approximation,20,5000.0,03b1bf49a327ffbf5505fb710d6025e3a5dd7417,0.005724,2021-05-16 13:42:56,7005.953081634683
Schwefel1.2,10,simultaneous_perturbation_stochastic_approximation,50,50000.0,03b1bf49a327ffbf5505fb710d6025e3a5dd7417,0.054835,2021-05-16 13:42:56,6678.046694074279
Schwefel1.2,10,simultaneous_perturbation_stochastic_approximation,50,50000.0,03b1bf49a327ffbf5505fb710d6025e3a5dd7417,0.069711,2021-05-16 13:42:56,5453.472554435264
Schwefel1.2,30,simultaneous_perturbation_stochastic_approximation,50,200000.0,03b1bf49a327ffbf5505fb710d6025e3a5dd7417,0.283782,2021-05-16 13:42:56,11213.22565245603
Schwefel1.2,30,simultaneous_perturbation_stochastic_approximation,50,200000.0,03b1bf49a327ffbf5505fb710d6025e3a5dd7417,0.268644,2021-05-16 13:42:56,7409.226428919885
Schwefel1.2,50,simultaneous_perturbation_stochastic_approximation,50,300000.0,03b1bf49a327ffbf5505fb710d6025e3a5dd7417,0.459157,2021-05-16 13:42:57,28325.962573329143
Schwefel1.2,50,simultaneous_perturbation_stochastic_approximation,50,300000.0,03b1bf49a327ffbf5505fb710d6025e3a5dd7417,0.460566,2021-05-16 13:42:57,27015.030387224688
Rosenbrock,5,simultaneous_perturbation_stochastic_approximation,20,10000.0,03b1bf49a327ffbf5505fb710d6025e3a5dd7417,0.147286,2021-05-16 13:42:58,5532.268413650847
Rosenbrock,5,simultaneous_perturbation_stochastic_approximation,20,10000.0,03b1bf49a327ffbf5505fb710d6025e3a5dd7417,0.011747,2021-05-16 13:42:58,921.4598087202189
Rosenbrock,10,simultaneous_perturbation_stochastic_approximation,50,50000.0,03b1bf49a327ffbf5505fb710d6025e3a5dd7417,0.059607,2021-05-16 13:42:58,6.163161195528832e6
Rosenbrock,10,simultaneous_perturbation_stochastic_approximation,50,50000.0,03b1bf49a327ffbf5505fb710d6025e3a5dd7417,0.071836,2021-05-16 13:42:58,4036.428073693873
Rosenbrock,30,simultaneous_perturbation_stochastic_approximation,50,200000.0,03b1bf49a327ffbf5505fb710d6025e3a5dd7417,0.295828,2021-05-16 13:42:58,2.4908491470349982e8
Rosenbrock,30,simultaneous_perturbation_stochastic_approximation,50,200000.0,03b1bf49a327ffbf5505fb710d6025e3a5dd7417,0.296966,2021-05-16 13:42:58,2.3184336609193966e8
Rosenbrock,50,simultaneous_perturbation_stochastic_approximation,40,300000.0,03b1bf49a327ffbf5505fb710d6025e3a5dd7417,0.510312,2021-05-16 13:42:59,5.709829234305937e8
Rosenbrock,50,simultaneous_perturbation_stochastic_approximation,40,300000.0,03b1bf49a327ffbf5505fb710d6025e3a5dd7417,0.505974,2021-05-16 13:42:59,4.842997715341446e8
Rastrigin,50,simultaneous_perturbation_stochastic_approximation,50,500000.0,03b1bf49a327ffbf5505fb710d6025e3a5dd7417,1.103445,2021-05-16 13:43:00,467.6082271158482
Rastrigin,50,simultaneous_perturbation_stochastic_approximation,50,500000.0,03b1bf49a327ffbf5505fb710d6025e3a5dd7417,0.96837,2021-05-16 13:43:01,391.6844531877559
Rastrigin,100,simultaneous_perturbation_stochastic_approximation,90,800000.0,03b1bf49a327ffbf5505fb710d6025e3a5dd7417,2.171882,2021-05-16 13:43:02,813.7298567424693
Rastrigin,100,simultaneous_perturbation_stochastic_approximation,90,800000.0,03b1bf49a327ffbf5505fb710d6025e3a5dd7417,2.168331,2021-05-16 13:43:04,914.0102523831252
Ackley,50,simultaneous_perturbation_stochastic_approximation,50,500000.0,03b1bf49a327ffbf5505fb710d6025e3a5dd7417,1.133441,2021-05-16 13:43:06,20.838669894824033
Ackley,50,simultaneous_perturbation_stochastic_approximation,50,500000.0,03b1bf49a327ffbf5505fb710d6025e3a5dd7417,0.998963,2021-05-16 13:43:07,20.908874301267122
Ackley,100,simultaneous_perturbation_stochastic_approximation,90,800000.0,03b1bf49a327ffbf5505fb710d6025e3a5dd7417,2.207903,2021-05-16 13:43:08,20.78279611948859
Ackley,100,simultaneous_perturbation_stochastic_approximation,90,800000.0,03b1bf49a327ffbf5505fb710d6025e3a5dd7417,2.166021,2021-05-16 13:43:10,20.793779301221193
Griewank,50,simultaneous_perturbation_stochastic_approximation,50,500000.0,03b1bf49a327ffbf5505fb710d6025e3a5dd7417,1.074098,2021-05-16 13:43:13,1211.3094245676095
Griewank,50,simultaneous_perturbation_stochastic_approximation,50,500000.0,03b1bf49a327ffbf5505fb710d6025e3a5dd7417,0.927731,2021-05-16 13:43:14,1504.5228119220214
Griewank,100,simultaneous_perturbation_stochastic_approximation,90,800000.0,03b1bf49a327ffbf5505fb710d6025e3a5dd7417,2.044398,2021-05-16 13:43:15,2607.547333330868
Griewank,100,simultaneous_perturbation_stochastic_approximation,90,800000.0,03b1bf49a327ffbf5505fb710d6025e3a5dd7417,2.07811,2021-05-16 13:43:17,2894.193839777498
Sphere,5,resampling_inheritance_memetic_search,20,5000.0,03b1bf49a327ffbf5505fb710d6025e3a5dd7417,0.042423,2021-05-16 13:43:19,9.00855632129889e-9
Sphere,5,resampling_inheritance_memetic_search,20,5000.0,03b1bf49a327ffbf5505fb710d6025e3a5dd7417,0.000919,2021-05-16 13:43:19,7.7746761229098e-9
Sphere,10,resampling_inheritance_memetic_search,20,10000.0,03b1bf49a327ffbf5505fb710d6025e3a5dd7417,0.000894,2021-05-16 13:43:19,3.4565319202632892e-9
Sphere,10,resampling_inheritance_memetic_search,20,10000.0,03b1bf49a327ffbf5505fb710d6025e3a5dd7417,0.0009,2021-05-16 13:43:19,2.3929655425541553e-9
Sphere,30,resampling_inheritance_memetic_search,20,30000.0,03b1bf49a327ffbf5505fb710d6025e3a5dd7417,0.004151,2021-05-16 13:43:19,9.216021539849024e-9
Sphere,30,resampling_inheritance_memetic_search,20,30000.0,03b1bf49a327ffbf5505fb710d6025e3a5dd7417,0.0032,2021-05-16 13:43:19,4.0781384649683374e-9
Schwefel2.22,5,resampling_inheritance_memetic_search,20,5000.0,03b1bf49a327ffbf5505fb710d6025e3a5dd7417,0.03308,2021-05-16 13:43:19,2.168122921020199e-5
Schwefel2.22,5,resampling_inheritance_memetic_search,20,5000.0,03b1bf49a327ffbf5505fb710d6025e3a5dd7417,0.001756,2021-05-16 13:43:19,1.0786264563300563e-5
Schwefel2.22,10,resampling_inheritance_memetic_search,20,10000.0,03b1bf49a327ffbf5505fb710d6025e3a5dd7417,0.002786,2021-05-16 13:43:19,0.10908183478846745
Schwefel2.22,10,resampling_inheritance_memetic_search,20,10000.0,03b1bf49a327ffbf5505fb710d6025e3a5dd7417,0.004812,2021-05-16 13:43:19,0.4223554973188657
Schwefel2.22,30,resampling_inheritance_memetic_search,20,30000.0,03b1bf49a327ffbf5505fb710d6025e3a5dd7417,0.009451,2021-05-16 13:43:19,12.435834239436637
Schwefel2.22,30,resampling_inheritance_memetic_search,20,30000.0,03b1bf49a327ffbf5505fb710d6025e3a5dd7417,0.006456,2021-05-16 13:43:19,5.689214864128846
Schwefel2.21,5,resampling_inheritance_memetic_search,20,5000.0,03b1bf49a327ffbf5505fb710d6025e3a5dd7417,0.03267,2021-05-16 13:43:19,0.014709518162803192
Schwefel2.21,5,resampling_inheritance_memetic_search,20,5000.0,03b1bf49a327ffbf5505fb710d6025e3a5dd7417,0.001819,2021-05-16 13:43:19,0.002949509752738777
Schwefel2.21,10,resampling_inheritance_memetic_search,20,10000.0,03b1bf49a327ffbf5505fb710d6025e3a5dd7417,0.002724,2021-05-16 13:43:19,3.246501655671665
Schwefel2.21,10,resampling_inheritance_memetic_search,20,10000.0,03b1bf49a327ffbf5505fb710d6025e3a5dd7417,0.002547,2021-05-16 13:43:19,12.121355745767943
Schwefel2.21,30,resampling_inheritance_memetic_search,20,30000.0,03b1bf49a327ffbf5505fb710d6025e3a5dd7417,0.010335,2021-05-16 13:43:19,54.71824366336972
Schwefel2.21,30,resampling_inheritance_memetic_search,20,30000.0,03b1bf49a327ffbf5505fb710d6025e3a5dd7417,0.009437,2021-05-16 13:43:19,57.573140096507885
Schwefel1.2,5,resampling_inheritance_memetic_search,20,5000.0,03b1bf49a327ffbf5505fb710d6025e3a5dd7417,0.032341,2021-05-16 13:43:19,7.660138514918845e-7
Schwefel1.2,5,resampling_inheritance_memetic_search,20,5000.0,03b1bf49a327ffbf5505fb710d6025e3a5dd7417,0.002862,2021-05-16 13:43:19,0.00201877776042996
Schwefel1.2,10,resampling_inheritance_memetic_search,50,50000.0,03b1bf49a327ffbf5505fb710d6025e3a5dd7417,0.015202,2021-05-16 13:43:19,453.91601762174736
Schwefel1.2,10,resampling_inheritance_memetic_search,50,50000.0,03b1bf49a327ffbf5505fb710d6025e3a5dd7417,0.041202,2021-05-16 13:43:19,35.862625956652245
Schwefel1.2,30,resampling_inheritance_memetic_search,50,200000.0,03b1bf49a327ffbf5505fb710d6025e3a5dd7417,0.074081,2021-05-16 13:43:19,9028.685181912988
Schwefel1.2,30,resampling_inheritance_memetic_search,50,200000.0,03b1bf49a327ffbf5505fb710d6025e3a5dd7417,0.071977,2021-05-16 13:43:19,10393.356417640767
Schwefel1.2,50,resampling_inheritance_memetic_search,50,300000.0,03b1bf49a327ffbf5505fb710d6025e3a5dd7417,0.130794,2021-05-16 13:43:19,42040.871626825625
Schwefel1.2,50,resampling_inheritance_memetic_search,50,300000.0,03b1bf49a327ffbf5505fb710d6025e3a5dd7417,0.12989,2021-05-16 13:43:19,58652.298480205434
Rosenbrock,5,resampling_inheritance_memetic_search,20,10000.0,03b1bf49a327ffbf5505fb710d6025e3a5dd7417,0.663697,2021-05-16 13:43:20,0.005648698029715467
Rosenbrock,5,resampling_inheritance_memetic_search,20,10000.0,03b1bf49a327ffbf5505fb710d6025e3a5dd7417,0.005787,2021-05-16 13:43:20,0.969213346920109
Rosenbrock,10,resampling_inheritance_memetic_search,50,50000.0,03b1bf49a327ffbf5505fb710d6025e3a5dd7417,0.218188,2021-05-16 13:43:20,0.06865437759025034
Rosenbrock,10,resampling_inheritance_memetic_search,50,50000.0,03b1bf49a327ffbf5505fb710d6025e3a5dd7417,0.025555,2021-05-16 13:43:20,1.0083957038174092
Rosenbrock,30,resampling_inheritance_memetic_search,50,200000.0,03b1bf49a327ffbf5505fb710d6025e3a5dd7417,0.094132,2021-05-16 13:43:20,16.105894812687975
Rosenbrock,30,resampling_inheritance_memetic_search,50,200000.0,03b1bf49a327ffbf5505fb710d6025e3a5dd7417,0.123223,2021-05-16 13:43:21,1.2154447682157534
Rosenbrock,50,resampling_inheritance_memetic_search,40,300000.0,03b1bf49a327ffbf5505fb710d6025e3a5dd7417,0.193293,2021-05-16 13:43:21,35.757929205199005
Rosenbrock,50,resampling_inheritance_memetic_search,40,300000.0,03b1bf49a327ffbf5505fb710d6025e3a5dd7417,5.728171,2021-05-16 13:43:21,4.286684515198859
Rastrigin,50,resampling_inheritance_memetic_search,50,500000.0,03b1bf49a327ffbf5505fb710d6025e3a5dd7417,0.268852,2021-05-16 13:43:27,25.86890522273609
Rastrigin,50,resampling_inheritance_memetic_search,50,500000.0,03b1bf49a327ffbf5505fb710d6025e3a5dd7417,0.246438,2021-05-16 13:43:27,26.863864275211654
Rastrigin,100,resampling_inheritance_memetic_search,90,800000.0,03b1bf49a327ffbf5505fb710d6025e3a5dd7417,0.65422,2021-05-16 13:43:27,93.52600996574245
Rastrigin,100,resampling_inheritance_memetic_search,90,800000.0,03b1bf49a327ffbf5505fb710d6025e3a5dd7417,0.643444,2021-05-16 13:43:28,61.68742629728786
Ackley,50,resampling_inheritance_memetic_search,50,500000.0,03b1bf49a327ffbf5505fb710d6025e3a5dd7417,1.042489,2021-05-16 13:43:28,3.1063513966476304
Ackley,50,resampling_inheritance_memetic_search,50,500000.0,03b1bf49a327ffbf5505fb710d6025e3a5dd7417,0.400117,2021-05-16 13:43:29,3.0239763690608052
Ackley,100,resampling_inheritance_memetic_search,90,800000.0,03b1bf49a327ffbf5505fb710d6025e3a5dd7417,0.788492,2021-05-16 13:43:30,4.071330908820224
Ackley,100,resampling_inheritance_memetic_search,90,800000.0,03b1bf49a327ffbf5505fb710d6025e3a5dd7417,5.713294,2021-05-16 13:43:31,3.622848272972634
Griewank,50,resampling_inheritance_memetic_search,50,500000.0,03b1bf49a327ffbf5505fb710d6025e3a5dd7417,0.29514,2021-05-16 13:43:36,7.472707018729707e-7
Griewank,50,resampling_inheritance_memetic_search,50,500000.0,03b1bf49a327ffbf5505fb710d6025e3a5dd7417,0.286672,2021-05-16 13:43:37,3.3234916330115993e-7
Griewank,100,resampling_inheritance_memetic_search,90,800000.0,03b1bf49a327ffbf5505fb710d6025e3a5dd7417,0.798365,2021-05-16 13:43:37,1.0152717524469779e-6
Griewank,100,resampling_inheritance_memetic_search,90,800000.0,03b1bf49a327ffbf5505fb710d6025e3a5dd7417,0.72174,2021-05-16 13:43:38,9.325376310043154e-7
Sphere,5,generating_set_search,20,5000.0,03b1bf49a327ffbf5505fb710d6025e3a5dd7417,0.327119,2021-05-16 13:43:39,8.940652576578563e-9
Sphere,5,generating_set_search,20,5000.0,03b1bf49a327ffbf5505fb710d6025e3a5dd7417,0.000823,2021-05-16 13:43:39,6.572415381781041e-9
Sphere,10,generating_set_search,20,10000.0,03b1bf49a327ffbf5505fb710d6025e3a5dd7417,0.001784,2021-05-16 13:43:39,7.157555607110962e-9
Sphere,10,generating_set_search,20,10000.0,03b1bf49a327ffbf5505fb710d6025e3a5dd7417,0.001727,2021-05-16 13:43:39,9.465555039070353e-9
Sphere,30,generating_set_search,20,30000.0,03b1bf49a327ffbf5505fb710d6025e3a5dd7417,0.040252,2021-05-16 13:43:39,8.676689436392045e-9
Sphere,30,generating_set_search,20,30000.0,03b1bf49a327ffbf5505fb710d6025e3a5dd7417,0.014499,2021-05-16 13:43:39,9.813799307245657e-9
Schwefel2.22,5,generating_set_search,20,5000.0,03b1bf49a327ffbf5505fb710d6025e3a5dd7417,0.222879,2021-05-16 13:43:39,6.746283531811059e-9
Schwefel2.22,5,generating_set_search,20,5000.0,03b1bf49a327ffbf5505fb710d6025e3a5dd7417,0.000863,2021-05-16 13:43:39,7.222016762398198e-9
Schwefel2.22,10,generating_set_search,20,10000.0,03b1bf49a327ffbf5505fb710d6025e3a5dd7417,0.002234,2021-05-16 13:43:39,9.36445232468941e-9
Schwefel2.22,10,generating_set_search,20,10000.0,03b1bf49a327ffbf5505fb710d6025e3a5dd7417,0.002464,2021-05-16 13:43:39,9.180068261116503e-9
Schwefel2.22,30,generating_set_search,20,30000.0,03b1bf49a327ffbf5505fb710d6025e3a5dd7417,0.01597,2021-05-16 13:43:39,2.6199050870090446e-5
Schwefel2.22,30,generating_set_search,20,30000.0,03b1bf49a327ffbf5505fb710d6025e3a5dd7417,0.015974,2021-05-16 13:43:39,5.752829403959936e-6
Schwefel2.21,5,generating_set_search,20,5000.0,03b1bf49a327ffbf5505fb710d6025e3a5dd7417,0.240615,2021-05-16 13:43:39,7.3918613452406134e-9
Schwefel2.21,5,generating_set_search,20,5000.0,03b1bf49a327ffbf5505fb710d6025e3a5dd7417,0.000797,2021-05-16 13:43:40,8.156206376952468e-9
Schwefel2.21,10,generating_set_search,20,10000.0,03b1bf49a327ffbf5505fb710d6025e3a5dd7417,0.001631,2021-05-16 13:43:40,9.306447168455634e-9
Schwefel2.21,10,generating_set_search,20,10000.0,03b1bf49a327ffbf5505fb710d6025e3a5dd7417,0.001777,2021-05-16 13:43:40,9.019856861414155e-9
Schwefel2.21,30,generating_set_search,20,30000.0,03b1bf49a327ffbf5505fb710d6025e3a5dd7417,0.011201,2021-05-16 13:43:40,8.654891757942096e-5
Schwefel2.21,30,generating_set_search,20,30000.0,03b1bf49a327ffbf5505fb710d6025e3a5dd7417,0.011222,2021-05-16 13:43:40,0.0001672902041747193
Schwefel1.2,5,generating_set_search,20,5000.0,03b1bf49a327ffbf5505fb710d6025e3a5dd7417,0.21998,2021-05-16 13:43:40,8.841727461173601e-9
Schwefel1.2,5,generating_set_search,20,5000.0,03b1bf49a327ffbf5505fb710d6025e3a5dd7417,0.001314,2021-05-16 13:43:40,6.674351353108974e-9
Schwefel1.2,10,generating_set_search,50,50000.0,03b1bf49a327ffbf5505fb710d6025e3a5dd7417,0.007435,2021-05-16 13:43:40,9.588260562951532e-9
Schwefel1.2,10,generating_set_search,50,50000.0,03b1bf49a327ffbf5505fb710d6025e3a5dd7417,0.007043,2021-05-16 13:43:40,9.780743348702043e-9
Schwefel1.2,30,generating_set_search,50,200000.0,03b1bf49a327ffbf5505fb710d6025e3a5dd7417,0.113171,2021-05-16 13:43:40,70.45940014862464
Schwefel1.2,30,generating_set_search,50,200000.0,03b1bf49a327ffbf5505fb710d6025e3a5dd7417,0.081216,2021-05-16 13:43:40,37.73096044650468
Schwefel1.2,50,generating_set_search,50,300000.0,03b1bf49a327ffbf5505fb710d6025e3a5dd7417,0.167257,2021-05-16 13:43:40,16111.91180379175
Schwefel1.2,50,generating_set_search,50,300000.0,03b1bf49a327ffbf5505fb710d6025e3a5dd7417,0.165784,2021-05-16 13:43:40,17622.4355087395
Rosenbrock,5,generating_set_search,20,10000.0,03b1bf49a327ffbf5505fb710d6025e3a5dd7417,0.223559,2021-05-16 13:43:40,14.090247316680294
Rosenbrock,5,generating_set_search,20,10000.0,03b1bf49a327ffbf5505fb710d6025e3a5dd7417,0.004298,2021-05-16 13:43:41,14.241999482177855
Rosenbrock,10,generating_set_search,50,50000.0,03b1bf49a327ffbf5505fb710d6025e3a5dd7417,0.028557,2021-05-16 13:43:41,0.4125270539798025
Rosenbrock,10,generating_set_search,50,50000.0,03b1bf49a327ffbf5505fb710d6025e3a5dd7417,0.016363,2021-05-16 13:43:41,7.494687363368727
Rosenbrock,30,generating_set_search,50,200000.0,03b1bf49a327ffbf5505fb710d6025e3a5dd7417,0.088526,2021-05-16 13:43:41,2.376705144367086
Rosenbrock,30,generating_set_search,50,200000.0,03b1bf49a327ffbf5505fb710d6025e3a5dd7417,0.08381,2021-05-16 13:43:41,6.836960430348833
Rosenbrock,50,generating_set_search,40,300000.0,03b1bf49a327ffbf5505fb710d6025e3a5dd7417,0.148428,2021-05-16 13:43:41,9.842802237776137
Rosenbrock,50,generating_set_search,40,300000.0,03b1bf49a327ffbf5505fb710d6025e3a5dd7417,0.154757,2021-05-16 13:43:41,69.14554670157254
Rastrigin,50,generating_set_search,50,500000.0,03b1bf49a327ffbf5505fb710d6025e3a5dd7417,0.274336,2021-05-16 13:43:41,9.551456514600432e-9
Rastrigin,50,generating_set_search,50,500000.0,03b1bf49a327ffbf5505fb710d6025e3a5dd7417,0.043657,2021-05-16 13:43:41,9.190216587739997e-9
Rastrigin,100,generating_set_search,90,800000.0,03b1bf49a327ffbf5505fb710d6025e3a5dd7417,0.31377,2021-05-16 13:43:41,9.930090527632274e-9
Rastrigin,100,generating_set_search,90,800000.0,03b1bf49a327ffbf5505fb710d6025e3a5dd7417,0.313585,2021-05-16 13:43:42,9.180439519695938e-9
Ackley,50,generating_set_search,50,500000.0,03b1bf49a327ffbf5505fb710d6025e3a5dd7417,0.302776,2021-05-16 13:43:42,9.885681606647267e-9
Ackley,50,generating_set_search,50,500000.0,03b1bf49a327ffbf5505fb710d6025e3a5dd7417,0.074759,2021-05-16 13:43:42,9.521471611151355e-9
Ackley,100,generating_set_search,90,800000.0,03b1bf49a327ffbf5505fb710d6025e3a5dd7417,0.455452,2021-05-16 13:43:42,9.772435305421823e-9
Ackley,100,generating_set_search,90,800000.0,03b1bf49a327ffbf5505fb710d6025e3a5dd7417,0.470284,2021-05-16 13:43:43,9.89491510949847e-9
Griewank,50,generating_set_search,50,500000.0,03b1bf49a327ffbf5505fb710d6025e3a5dd7417,0.440315,2021-05-16 13:43:43,9.627192376626681e-9
Griewank,50,generating_set_search,50,500000.0,03b1bf49a327ffbf5505fb710d6025e3a5dd7417,0.128187,2021-05-16 13:43:44,9.8575230200737e-9
Griewank,100,generating_set_search,90,800000.0,03b1bf49a327ffbf5505fb710d6025e3a5dd7417,0.318069,2021-05-16 13:43:44,9.824829505511445e-9
Griewank,100,generating_set_search,90,800000.0,03b1bf49a327ffbf5505fb710d6025e3a5dd7417,0.849995,2021-05-16 13:43:44,0.022185660857256595
Sphere,5,random_search,20,5000.0,03b1bf49a327ffbf5505fb710d6025e3a5dd7417,0.227481,2021-05-16 13:43:45,886.9183630274713
Sphere,5,random_search,20,5000.0,03b1bf49a327ffbf5505fb710d6025e3a5dd7417,0.002736,2021-05-16 13:43:45,208.2255473081124
Sphere,10,random_search,20,10000.0,03b1bf49a327ffbf5505fb710d6025e3a5dd7417,0.005814,2021-05-16 13:43:45,4923.44457184738
Sphere,10,random_search,20,10000.0,03b1bf49a327ffbf5505fb710d6025e3a5dd7417,0.00531,2021-05-16 13:43:45,2225.8733246640645
Sphere,30,random_search,20,30000.0,03b1bf49a327ffbf5505fb710d6025e3a5dd7417,0.019695,2021-05-16 13:43:45,41539.95047656838
Sphere,30,random_search,20,30000.0,03b1bf49a327ffbf5505fb710d6025e3a5dd7417,0.019242,2021-05-16 13:43:45,41062.747988896735
Schwefel2.22,5,random_search,20,5000.0,03b1bf49a327ffbf5505fb710d6025e3a5dd7417,0.138158,2021-05-16 13:43:46,3.944615452331569
Schwefel2.22,5,random_search,20,5000.0,03b1bf49a327ffbf5505fb710d6025e3a5dd7417,0.002803,2021-05-16 13:43:46,3.091732199806483
Schwefel2.22,10,random_search,20,10000.0,03b1bf49a327ffbf5505fb710d6025e3a5dd7417,0.029298,2021-05-16 13:43:46,15.458491357242298
Schwefel2.22,10,random_search,20,10000.0,03b1bf49a327ffbf5505fb710d6025e3a5dd7417,0.004502,2021-05-16 13:43:46,20.988552370333796
Schwefel2.22,30,random_search,20,30000.0,03b1bf49a327ffbf5505fb710d6025e3a5dd7417,0.015934,2021-05-16 13:43:46,538338.1931177131
Schwefel2.22,30,random_search,20,30000.0,03b1bf49a327ffbf5505fb710d6025e3a5dd7417,0.017479,2021-05-16 13:43:46,140.92883158714184
Schwefel2.21,5,random_search,20,5000.0,03b1bf49a327ffbf5505fb710d6025e3a5dd7417,0.130505,2021-05-16 13:43:46,23.966943465828194
Schwefel2.21,5,random_search,20,5000.0,03b1bf49a327ffbf5505fb710d6025e3a5dd7417,0.001978,2021-05-16 13:43:46,15.148543471477808
Schwefel2.21,10,random_search,20,10000.0,03b1bf49a327ffbf5505fb710d6025e3a5dd7417,0.004768,2021-05-16 13:43:46,37.32097519158848
Schwefel2.21,10,random_search,20,10000.0,03b1bf49a327ffbf5505fb710d6025e3a5dd7417,0.004757,2021-05-16 13:43:46,34.670046946582914
Schwefel2.21,30,random_search,20,30000.0,03b1bf49a327ffbf5505fb710d6025e3a5dd7417,0.018125,2021-05-16 13:43:46,70.30328680793582
Schwefel2.21,30,random_search,20,30000.0,03b1bf49a327ffbf5505fb710d6025e3a5dd7417,0.017147,2021-05-16 13:43:46,69.21037450709449
Schwefel1.2,5,random_search,20,5000.0,03b1bf49a327ffbf5505fb710d6025e3a5dd7417,0.132364,2021-05-16 13:43:46,176.6149686249758
Schwefel1.2,5,random_search,20,5000.0,03b1bf49a327ffbf5505fb710d6025e3a5dd7417,0.002539,2021-05-16 13:43:46,410.8173447610756
Schwefel1.2,10,random_search,50,50000.0,03b1bf49a327ffbf5505fb710d6025e3a5dd7417,0.037778,2021-05-16 13:43:46,3557.8172466276874
Schwefel1.2,10,random_search,50,50000.0,03b1bf49a327ffbf5505fb710d6025e3a5dd7417,0.019967,2021-05-16 13:43:46,2769.44071407777
Schwefel1.2,30,random_search,50,200000.0,03b1bf49a327ffbf5505fb710d6025e3a5dd7417,0.129207,2021-05-16 13:43:46,39587.1960679355
Schwefel1.2,30,random_search,50,200000.0,03b1bf49a327ffbf5505fb710d6025e3a5dd7417,0.120136,2021-05-16 13:43:46,42571.47790193456
Schwefel1.2,50,random_search,50,300000.0,03b1bf49a327ffbf5505fb710d6025e3a5dd7417,0.225777,2021-05-16 13:43:46,99504.41826472363
Schwefel1.2,50,random_search,50,300000.0,03b1bf49a327ffbf5505fb710d6025e3a5dd7417,0.210763,2021-05-16 13:43:47,102427.03792836927
Rosenbrock,5,random_search,20,10000.0,03b1bf49a327ffbf5505fb710d6025e3a5dd7417,0.133757,2021-05-16 13:43:47,31360.38300103404
Rosenbrock,5,random_search,20,10000.0,03b1bf49a327ffbf5505fb710d6025e3a5dd7417,0.005517,2021-05-16 13:43:47,16014.054130245084
Rosenbrock,10,random_search,50,50000.0,03b1bf49a327ffbf5505fb710d6025e3a5dd7417,0.034387,2021-05-16 13:43:47,791151.7424012431
Rosenbrock,10,random_search,50,50000.0,03b1bf49a327ffbf5505fb710d6025e3a5dd7417,0.021969,2021-05-16 13:43:47,325870.17051387916
Rosenbrock,30,random_search,50,200000.0,03b1bf49a327ffbf5505fb710d6025e3a5dd7417,0.121714,2021-05-16 13:43:47,8.048614383365776e7
Rosenbrock,30,random_search,50,200000.0,03b1bf49a327ffbf5505fb710d6025e3a5dd7417,0.117276,2021-05-16 13:43:47,7.429601390674107e7
Rosenbrock,50,random_search,40,300000.0,03b1bf49a327ffbf5505fb710d6025e3a5dd7417,0.202846,2021-05-16 13:43:47,2.3532442553563228e8
Rosenbrock,50,random_search,40,300000.0,03b1bf49a327ffbf5505fb710d6025e3a5dd7417,0.191467,2021-05-16 13:43:47,2.4220730271147802e8
Rastrigin,50,random_search,50,500000.0,03b1bf49a327ffbf5505fb710d6025e3a5dd7417,0.849688,2021-05-16 13:43:48,609.3447148796188
Rastrigin,50,random_search,50,500000.0,03b1bf49a327ffbf5505fb710d6025e3a5dd7417,0.682533,2021-05-16 13:43:49,625.3248403729976
Rastrigin,100,random_search,90,800000.0,03b1bf49a327ffbf5505fb710d6025e3a5dd7417,1.920473,2021-05-16 13:43:49,1396.7292233750795
Rastrigin,100,random_search,90,800000.0,03b1bf49a327ffbf5505fb710d6025e3a5dd7417,1.924631,2021-05-16 13:43:51,1384.9724422034296
Ackley,50,random_search,50,500000.0,03b1bf49a327ffbf5505fb710d6025e3a5dd7417,0.824687,2021-05-16 13:43:53,20.012920406684216
Ackley,50,random_search,50,500000.0,03b1bf49a327ffbf5505fb710d6025e3a5dd7417,0.695138,2021-05-16 13:43:54,20.094256527460356
Ackley,100,random_search,90,800000.0,03b1bf49a327ffbf5505fb710d6025e3a5dd7417,1.888065,2021-05-16 13:43:55,20.42704772419559
Ackley,100,random_search,90,800000.0,03b1bf49a327ffbf5505fb710d6025e3a5dd7417,1.885128,2021-05-16 13:43:57,20.483014755264175
Griewank,50,random_search,50,500000.0,03b1bf49a327ffbf5505fb710d6025e3a5dd7417,0.98864,2021-05-16 13:43:58,672.9083561980855
Griewank,50,random_search,50,500000.0,03b1bf49a327ffbf5505fb710d6025e3a5dd7417,0.855956,2021-05-16 13:43:59,700.3771982395949
Griewank,100,random_search,90,800000.0,03b1bf49a327ffbf5505fb710d6025e3a5dd7417,2.449508,2021-05-16 13:44:00,1753.7449241879224
Griewank,100,random_search,90,800000.0,03b1bf49a327ffbf5505fb710d6025e3a5dd7417,2.437924,2021-05-16 13:44:03,1782.4800302472825
Sphere,5,separable_nes,20,5000.0,03b1bf49a327ffbf5505fb710d6025e3a5dd7417,0.430088,2021-05-16 13:44:05,2.9244277790978624e-9
Sphere,5,separable_nes,20,5000.0,03b1bf49a327ffbf5505fb710d6025e3a5dd7417,0.000973,2021-05-16 13:44:06,8.043595044539556e-9
Sphere,10,separable_nes,20,10000.0,03b1bf49a327ffbf5505fb710d6025e3a5dd7417,0.001375,2021-05-16 13:44:06,8.406494513717804e-9
Sphere,10,separable_nes,20,10000.0,03b1bf49a327ffbf5505fb710d6025e3a5dd7417,0.001781,2021-05-16 13:44:06,7.2252747640025706e-9
Sphere,30,separable_nes,20,30000.0,03b1bf49a327ffbf5505fb710d6025e3a5dd7417,0.004745,2021-05-16 13:44:06,9.584074997573422e-9
Sphere,30,separable_nes,20,30000.0,03b1bf49a327ffbf5505fb710d6025e3a5dd7417,0.005129,2021-05-16 13:44:06,8.004312609659041e-9
Schwefel2.22,5,separable_nes,20,5000.0,03b1bf49a327ffbf5505fb710d6025e3a5dd7417,0.131716,2021-05-16 13:44:06,5.030719654178885e-9
Schwefel2.22,5,separable_nes,20,5000.0,03b1bf49a327ffbf5505fb710d6025e3a5dd7417,0.001008,2021-05-16 13:44:06,6.7307704858992395e-9
Schwefel2.22,10,separable_nes,20,10000.0,03b1bf49a327ffbf5505fb710d6025e3a5dd7417,0.001592,2021-05-16 13:44:06,8.24234176272199e-9
Schwefel2.22,10,separable_nes,20,10000.0,03b1bf49a327ffbf5505fb710d6025e3a5dd7417,0.001564,2021-05-16 13:44:06,9.628737201821626e-9
Schwefel2.22,30,separable_nes,20,30000.0,03b1bf49a327ffbf5505fb710d6025e3a5dd7417,0.006231,2021-05-16 13:44:06,9.897975918136247e-9
Schwefel2.22,30,separable_nes,20,30000.0,03b1bf49a327ffbf5505fb710d6025e3a5dd7417,0.006779,2021-05-16 13:44:06,9.057983319450875e-9
Schwefel2.21,5,separable_nes,20,5000.0,03b1bf49a327ffbf5505fb710d6025e3a5dd7417,0.13339,2021-05-16 13:44:06,14.82707727590538
Schwefel2.21,5,separable_nes,20,5000.0,03b1bf49a327ffbf5505fb710d6025e3a5dd7417,0.002095,2021-05-16 13:44:06,8.65954827653243
Schwefel2.21,10,separable_nes,20,10000.0,03b1bf49a327ffbf5505fb710d6025e3a5dd7417,0.004125,2021-05-16 13:44:06,85.09465167179373
Schwefel2.21,10,separable_nes,20,10000.0,03b1bf49a327ffbf5505fb710d6025e3a5dd7417,0.004412,2021-05-16 13:44:06,64.35810245494399
Schwefel2.21,30,separable_nes,20,30000.0,03b1bf49a327ffbf5505fb710d6025e3a5dd7417,0.019927,2021-05-16 13:44:06,80.56680819783936
Schwefel2.21,30,separable_nes,20,30000.0,03b1bf49a327ffbf5505fb710d6025e3a5dd7417,0.020409,2021-05-16 13:44:06,67.98152409270976
Schwefel1.2,5,separable_nes,20,5000.0,03b1bf49a327ffbf5505fb710d6025e3a5dd7417,0.134382,2021-05-16 13:44:06,9.034461125290901e-9
Schwefel1.2,5,separable_nes,20,5000.0,03b1bf49a327ffbf5505fb710d6025e3a5dd7417,0.002249,2021-05-16 13:44:06,9.310237908462076e-9
Schwefel1.2,10,separable_nes,50,50000.0,03b1bf49a327ffbf5505fb710d6025e3a5dd7417,0.008644,2021-05-16 13:44:06,9.881440114338515e-9
Schwefel1.2,10,separable_nes,50,50000.0,03b1bf49a327ffbf5505fb710d6025e3a5dd7417,0.012578,2021-05-16 13:44:06,9.741071023591268e-9
Schwefel1.2,30,separable_nes,50,200000.0,03b1bf49a327ffbf5505fb710d6025e3a5dd7417,0.152584,2021-05-16 13:44:06,0.03256516435960581
Schwefel1.2,30,separable_nes,50,200000.0,03b1bf49a327ffbf5505fb710d6025e3a5dd7417,0.135399,2021-05-16 13:44:06,20.257736556312235
Schwefel1.2,50,separable_nes,50,300000.0,03b1bf49a327ffbf5505fb710d6025e3a5dd7417,0.234217,2021-05-16 13:44:06,71.73847878275254
Schwefel1.2,50,separable_nes,50,300000.0,03b1bf49a327ffbf5505fb710d6025e3a5dd7417,0.233695,2021-05-16 13:44:07,45.0346443829177
Rosenbrock,5,separable_nes,20,10000.0,03b1bf49a327ffbf5505fb710d6025e3a5dd7417,0.135492,2021-05-16 13:44:07,5.107119248322947
Rosenbrock,5,separable_nes,20,10000.0,03b1bf49a327ffbf5505fb710d6025e3a5dd7417,0.004735,2021-05-16 13:44:07,369.0266248559157
Rosenbrock,10,separable_nes,50,50000.0,03b1bf49a327ffbf5505fb710d6025e3a5dd7417,0.019447,2021-05-16 13:44:07,1.5787774275887143
Rosenbrock,10,separable_nes,50,50000.0,03b1bf49a327ffbf5505fb710d6025e3a5dd7417,0.031408,2021-05-16 13:44:07,1.8706330916327025
Rosenbrock,30,separable_nes,50,200000.0,03b1bf49a327ffbf5505fb710d6025e3a5dd7417,0.121229,2021-05-16 13:44:07,15.015178502545133
Rosenbrock,30,separable_nes,50,200000.0,03b1bf49a327ffbf5505fb710d6025e3a5dd7417,0.124053,2021-05-16 13:44:07,14.196929262338678
Rosenbrock,50,separable_nes,40,300000.0,03b1bf49a327ffbf5505fb710d6025e3a5dd7417,0.225583,2021-05-16 13:44:07,29.86869433340303
Rosenbrock,50,separable_nes,40,300000.0,03b1bf49a327ffbf5505fb710d6025e3a5dd7417,0.222252,2021-05-16 13:44:08,31.27818532961154
Rastrigin,50,separable_nes,50,500000.0,03b1bf49a327ffbf5505fb710d6025e3a5dd7417,0.514638,2021-05-16 13:44:08,67.65707949657872
Rastrigin,50,separable_nes,50,500000.0,03b1bf49a327ffbf5505fb710d6025e3a5dd7417,0.358316,2021-05-16 13:44:08,71.63695630127773
Rastrigin,100,separable_nes,90,800000.0,03b1bf49a327ffbf5505fb710d6025e3a5dd7417,1.113548,2021-05-16 13:44:09,281.99762143252735
Rastrigin,100,separable_nes,90,800000.0,03b1bf49a327ffbf5505fb710d6025e3a5dd7417,1.0792,2021-05-16 13:44:10,240.77929800144238
Ackley,50,separable_nes,50,500000.0,03b1bf49a327ffbf5505fb710d6025e3a5dd7417,0.560051,2021-05-16 13:44:11,16.995892429940707
Ackley,50,separable_nes,50,500000.0,03b1bf49a327ffbf5505fb710d6025e3a5dd7417,0.400695,2021-05-16 13:44:12,11.433328396278668
Ackley,100,separable_nes,90,800000.0,03b1bf49a327ffbf5505fb710d6025e3a5dd7417,1.085651,2021-05-16 13:44:12,3.5902761971233175
Ackley,100,separable_nes,90,800000.0,03b1bf49a327ffbf5505fb710d6025e3a5dd7417,1.16224,2021-05-16 13:44:13,13.739097938261065
Griewank,50,separable_nes,50,500000.0,03b1bf49a327ffbf5505fb710d6025e3a5dd7417,0.509154,2021-05-16 13:44:14,18.787301591107557
Griewank,50,separable_nes,50,500000.0,03b1bf49a327ffbf5505fb710d6025e3a5dd7417,0.359679,2021-05-16 13:44:15,7.954332864045314
Griewank,100,separable_nes,90,800000.0,03b1bf49a327ffbf5505fb710d6025e3a5dd7417,1.022039,2021-05-16 13:44:15,16.852289285730322
Griewank,100,separable_nes,90,800000.0,03b1bf49a327ffbf5505fb710d6025e3a5dd7417,0.944986,2021-05-16 13:44:16,2.935165942056303
Sphere,5,de_rand_1_bin_radiuslimited,20,5000.0,03b1bf49a327ffbf5505fb710d6025e3a5dd7417,0.342307,2021-05-16 13:44:17,9.264559783995876e-9
Sphere,5,de_rand_1_bin_radiuslimited,20,5000.0,03b1bf49a327ffbf5505fb710d6025e3a5dd7417,0.002775,2021-05-16 13:44:17,8.224553489684642e-9
Sphere,10,de_rand_1_bin_radiuslimited,20,10000.0,03b1bf49a327ffbf5505fb710d6025e3a5dd7417,0.005656,2021-05-16 13:44:17,8.477864636596212e-9
Sphere,10,de_rand_1_bin_radiuslimited,20,10000.0,03b1bf49a327ffbf5505fb710d6025e3a5dd7417,0.005963,2021-05-16 13:44:17,7.471963369730224e-9
Sphere,30,de_rand_1_bin_radiuslimited,20,30000.0,03b1bf49a327ffbf5505fb710d6025e3a5dd7417,0.021804,2021-05-16 13:44:17,8.70007361197747e-9
Sphere,30,de_rand_1_bin_radiuslimited,20,30000.0,03b1bf49a327ffbf5505fb710d6025e3a5dd7417,0.022504,2021-05-16 13:44:18,8.007476420697672e-9
Schwefel2.22,5,de_rand_1_bin_radiuslimited,20,5000.0,03b1bf49a327ffbf5505fb710d6025e3a5dd7417,0.153829,2021-05-16 13:44:18,8.152206102008276e-9
Schwefel2.22,5,de_rand_1_bin_radiuslimited,20,5000.0,03b1bf49a327ffbf5505fb710d6025e3a5dd7417,0.004671,2021-05-16 13:44:18,9.797465301119749e-9
Schwefel2.22,10,de_rand_1_bin_radiuslimited,20,10000.0,03b1bf49a327ffbf5505fb710d6025e3a5dd7417,0.008668,2021-05-16 13:44:18,9.716328607893113e-9
Schwefel2.22,10,de_rand_1_bin_radiuslimited,20,10000.0,03b1bf49a327ffbf5505fb710d6025e3a5dd7417,0.009318,2021-05-16 13:44:18,8.768336586812586e-9
Schwefel2.22,30,de_rand_1_bin_radiuslimited,20,30000.0,03b1bf49a327ffbf5505fb710d6025e3a5dd7417,0.031147,2021-05-16 13:44:18,7.958172920853337e-9
Schwefel2.22,30,de_rand_1_bin_radiuslimited,20,30000.0,03b1bf49a327ffbf5505fb710d6025e3a5dd7417,0.032349,2021-05-16 13:44:18,9.94753202118374e-9
Schwefel2.21,5,de_rand_1_bin_radiuslimited,20,5000.0,03b1bf49a327ffbf5505fb710d6025e3a5dd7417,0.155534,2021-05-16 13:44:18,1.3077955337627951e-7
Schwefel2.21,5,de_rand_1_bin_radiuslimited,20,5000.0,03b1bf49a327ffbf5505fb710d6025e3a5dd7417,0.005672,2021-05-16 13:44:18,1.0377163588494155e-7
Schwefel2.21,10,de_rand_1_bin_radiuslimited,20,10000.0,03b1bf49a327ffbf5505fb710d6025e3a5dd7417,0.011425,2021-05-16 13:44:18,4.440663120214988e-6
Schwefel2.21,10,de_rand_1_bin_radiuslimited,20,10000.0,03b1bf49a327ffbf5505fb710d6025e3a5dd7417,0.011268,2021-05-16 13:44:18,0.000261943232684829
Schwefel2.21,30,de_rand_1_bin_radiuslimited,20,30000.0,03b1bf49a327ffbf5505fb710d6025e3a5dd7417,0.043391,2021-05-16 13:44:18,10.405883398060334
Schwefel2.21,30,de_rand_1_bin_radiuslimited,20,30000.0,03b1bf49a327ffbf5505fb710d6025e3a5dd7417,0.043689,2021-05-16 13:44:18,11.410095440298491
Schwefel1.2,5,de_rand_1_bin_radiuslimited,20,5000.0,03b1bf49a327ffbf5505fb710d6025e3a5dd7417,0.169002,2021-05-16 13:44:18,7.3478548797234895e-9
Schwefel1.2,5,de_rand_1_bin_radiuslimited,20,5000.0,03b1bf49a327ffbf5505fb710d6025e3a5dd7417,0.004067,2021-05-16 13:44:18,8.428266493856108e-9
Schwefel1.2,10,de_rand_1_bin_radiuslimited,50,50000.0,03b1bf49a327ffbf5505fb710d6025e3a5dd7417,0.03768,2021-05-16 13:44:18,9.847059036543866e-9
Schwefel1.2,10,de_rand_1_bin_radiuslimited,50,50000.0,03b1bf49a327ffbf5505fb710d6025e3a5dd7417,0.034763,2021-05-16 13:44:18,8.819485131063881e-9
Schwefel1.2,30,de_rand_1_bin_radiuslimited,50,200000.0,03b1bf49a327ffbf5505fb710d6025e3a5dd7417,0.270772,2021-05-16 13:44:18,0.024421828420954948
Schwefel1.2,30,de_rand_1_bin_radiuslimited,50,200000.0,03b1bf49a327ffbf5505fb710d6025e3a5dd7417,0.2651,2021-05-16 13:44:19,0.04195275815474639
Schwefel1.2,50,de_rand_1_bin_radiuslimited,50,300000.0,03b1bf49a327ffbf5505fb710d6025e3a5dd7417,0.482782,2021-05-16 13:44:19,140.87893627238253
Schwefel1.2,50,de_rand_1_bin_radiuslimited,50,300000.0,03b1bf49a327ffbf5505fb710d6025e3a5dd7417,0.492625,2021-05-16 13:44:19,259.4977788692013
Rosenbrock,5,de_rand_1_bin_radiuslimited,20,10000.0,03b1bf49a327ffbf5505fb710d6025e3a5dd7417,0.155616,2021-05-16 13:44:20,0.024277947672946606
Rosenbrock,5,de_rand_1_bin_radiuslimited,20,10000.0,03b1bf49a327ffbf5505fb710d6025e3a5dd7417,0.00987,2021-05-16 13:44:20,0.00526225917144625
Rosenbrock,10,de_rand_1_bin_radiuslimited,50,50000.0,03b1bf49a327ffbf5505fb710d6025e3a5dd7417,0.049881,2021-05-16 13:44:20,0.1266472789751837
Rosenbrock,10,de_rand_1_bin_radiuslimited,50,50000.0,03b1bf49a327ffbf5505fb710d6025e3a5dd7417,0.063786,2021-05-16 13:44:20,0.07928145329603986
Rosenbrock,30,de_rand_1_bin_radiuslimited,50,200000.0,03b1bf49a327ffbf5505fb710d6025e3a5dd7417,0.266523,2021-05-16 13:44:20,12.935342965483574
Rosenbrock,30,de_rand_1_bin_radiuslimited,50,200000.0,03b1bf49a327ffbf5505fb710d6025e3a5dd7417,0.275456,2021-05-16 13:44:20,9.117888009256962
Rosenbrock,50,de_rand_1_bin_radiuslimited,40,300000.0,03b1bf49a327ffbf5505fb710d6025e3a5dd7417,0.485699,2021-05-16 13:44:21,40.34764041412897
Rosenbrock,50,de_rand_1_bin_radiuslimited,40,300000.0,03b1bf49a327ffbf5505fb710d6025e3a5dd7417,0.483107,2021-05-16 13:44:21,36.477503243564925
Rastrigin,50,de_rand_1_bin_radiuslimited,50,500000.0,03b1bf49a327ffbf5505fb710d6025e3a5dd7417,1.061801,2021-05-16 13:44:22,38.721412633509715
Rastrigin,50,de_rand_1_bin_radiuslimited,50,500000.0,03b1bf49a327ffbf5505fb710d6025e3a5dd7417,0.885142,2021-05-16 13:44:23,42.36280108993583
Rastrigin,100,de_rand_1_bin_radiuslimited,90,800000.0,03b1bf49a327ffbf5505fb710d6025e3a5dd7417,2.220183,2021-05-16 13:44:24,97.99970383642471
Rastrigin,100,de_rand_1_bin_radiuslimited,90,800000.0,03b1bf49a327ffbf5505fb710d6025e3a5dd7417,2.202389,2021-05-16 13:44:26,90.54121877947853
Ackley,50,de_rand_1_bin_radiuslimited,50,500000.0,03b1bf49a327ffbf5505fb710d6025e3a5dd7417,0.33634,2021-05-16 13:44:28,9.65633972782598e-9
Ackley,50,de_rand_1_bin_radiuslimited,50,500000.0,03b1bf49a327ffbf5505fb710d6025e3a5dd7417,0.176971,2021-05-16 13:44:28,9.596909933407005e-9
Ackley,100,de_rand_1_bin_radiuslimited,90,800000.0,03b1bf49a327ffbf5505fb710d6025e3a5dd7417,0.856581,2021-05-16 13:44:29,9.430976888324949e-9
Ackley,100,de_rand_1_bin_radiuslimited,90,800000.0,03b1bf49a327ffbf5505fb710d6025e3a5dd7417,0.865097,2021-05-16 13:44:29,9.659505195713791e-9
Griewank,50,de_rand_1_bin_radiuslimited,50,500000.0,03b1bf49a327ffbf5505fb710d6025e3a5dd7417,0.271344,2021-05-16 13:44:30,9.179015658666856e-9
Griewank,50,de_rand_1_bin_radiuslimited,50,500000.0,03b1bf49a327ffbf5505fb710d6025e3a5dd7417,0.142136,2021-05-16 13:44:31,9.623555063953404e-9
Griewank,100,de_rand_1_bin_radiuslimited,90,800000.0,03b1bf49a327ffbf5505fb710d6025e3a5dd7417,0.613659,2021-05-16 13:44:31,9.811967571771163e-9
Griewank,100,de_rand_1_bin_radiuslimited,90,800000.0,03b1bf49a327ffbf5505fb710d6025e3a5dd7417,0.61818,2021-05-16 13:44:31,9.994182370576254e-9
Sphere,5,de_rand_2_bin_radiuslimited,20,5000.0,03b1bf49a327ffbf5505fb710d6025e3a5dd7417,0.306568,2021-05-16 13:44:32,7.2876844736601895e-9
Sphere,5,de_rand_2_bin_radiuslimited,20,5000.0,03b1bf49a327ffbf5505fb710d6025e3a5dd7417,0.005359,2021-05-16 13:44:32,7.790257596294873e-9
Sphere,10,de_rand_2_bin_radiuslimited,20,10000.0,03b1bf49a327ffbf5505fb710d6025e3a5dd7417,0.013251,2021-05-16 13:44:32,6.074538603299276e-7
Sphere,10,de_rand_2_bin_radiuslimited,20,10000.0,03b1bf49a327ffbf5505fb710d6025e3a5dd7417,0.011639,2021-05-16 13:44:32,1.1786482751574106e-7
Sphere,30,de_rand_2_bin_radiuslimited,20,30000.0,03b1bf49a327ffbf5505fb710d6025e3a5dd7417,0.041504,2021-05-16 13:44:32,0.1768426805320783
Sphere,30,de_rand_2_bin_radiuslimited,20,30000.0,03b1bf49a327ffbf5505fb710d6025e3a5dd7417,0.041492,2021-05-16 13:44:32,0.24681590458338942
Schwefel2.22,5,de_rand_2_bin_radiuslimited,20,5000.0,03b1bf49a327ffbf5505fb710d6025e3a5dd7417,0.156143,2021-05-16 13:44:32,6.573479608817797e-7
Schwefel2.22,5,de_rand_2_bin_radiuslimited,20,5000.0,03b1bf49a327ffbf5505fb710d6025e3a5dd7417,0.005828,2021-05-16 13:44:33,2.694611393640059e-6
Schwefel2.22,10,de_rand_2_bin_radiuslimited,20,10000.0,03b1bf49a327ffbf5505fb710d6025e3a5dd7417,0.011517,2021-05-16 13:44:33,0.00021454066529907212
Schwefel2.22,10,de_rand_2_bin_radiuslimited,20,10000.0,03b1bf49a327ffbf5505fb710d6025e3a5dd7417,0.011631,2021-05-16 13:44:33,0.00015357471619630145
Schwefel2.22,30,de_rand_2_bin_radiuslimited,20,30000.0,03b1bf49a327ffbf5505fb710d6025e3a5dd7417,0.041815,2021-05-16 13:44:33,0.35078799416840567
Schwefel2.22,30,de_rand_2_bin_radiuslimited,20,30000.0,03b1bf49a327ffbf5505fb710d6025e3a5dd7417,0.041928,2021-05-16 13:44:33,0.23309502713406777
Schwefel2.21,5,de_rand_2_bin_radiuslimited,20,5000.0,03b1bf49a327ffbf5505fb710d6025e3a5dd7417,0.177437,2021-05-16 13:44:33,0.0005247952101434159
Schwefel2.21,5,de_rand_2_bin_radiuslimited,20,5000.0,03b1bf49a327ffbf5505fb710d6025e3a5dd7417,0.004838,2021-05-16 13:44:33,0.0011635192499879624
Schwefel2.21,10,de_rand_2_bin_radiuslimited,20,10000.0,03b1bf49a327ffbf5505fb710d6025e3a5dd7417,0.009947,2021-05-16 13:44:33,0.1598958525613864
Schwefel2.21,10,de_rand_2_bin_radiuslimited,20,10000.0,03b1bf49a327ffbf5505fb710d6025e3a5dd7417,0.009819,2021-05-16 13:44:33,0.16710833686819607
Schwefel2.21,30,de_rand_2_bin_radiuslimited,20,30000.0,03b1bf49a327ffbf5505fb710d6025e3a5dd7417,0.039582,2021-05-16 13:44:33,13.343775177284229
Schwefel2.21,30,de_rand_2_bin_radiuslimited,20,30000.0,03b1bf49a327ffbf5505fb710d6025e3a5dd7417,0.039797,2021-05-16 13:44:33,11.600331401740627
Schwefel1.2,5,de_rand_2_bin_radiuslimited,20,5000.0,03b1bf49a327ffbf5505fb710d6025e3a5dd7417,0.147392,2021-05-16 13:44:33,0.00017796482535970107
Schwefel1.2,5,de_rand_2_bin_radiuslimited,20,5000.0,03b1bf49a327ffbf5505fb710d6025e3a5dd7417,0.004941,2021-05-16 13:44:33,0.00018504115398455443
Schwefel1.2,10,de_rand_2_bin_radiuslimited,50,50000.0,03b1bf49a327ffbf5505fb710d6025e3a5dd7417,0.048425,2021-05-16 13:44:33,0.009701388878147777
Schwefel1.2,10,de_rand_2_bin_radiuslimited,50,50000.0,03b1bf49a327ffbf5505fb710d6025e3a5dd7417,0.049405,2021-05-16 13:44:33,0.009544683787363232
Schwefel1.2,30,de_rand_2_bin_radiuslimited,50,200000.0,03b1bf49a327ffbf5505fb710d6025e3a5dd7417,0.28811,2021-05-16 13:44:33,6050.5674476222775
Schwefel1.2,30,de_rand_2_bin_radiuslimited,50,200000.0,03b1bf49a327ffbf5505fb710d6025e3a5dd7417,0.285529,2021-05-16 13:44:34,3680.2092721211225
Schwefel1.2,50,de_rand_2_bin_radiuslimited,50,300000.0,03b1bf49a327ffbf5505fb710d6025e3a5dd7417,0.541913,2021-05-16 13:44:34,40063.755698913585
Schwefel1.2,50,de_rand_2_bin_radiuslimited,50,300000.0,03b1bf49a327ffbf5505fb710d6025e3a5dd7417,0.537893,2021-05-16 13:44:34,44031.18369218557
Rosenbrock,5,de_rand_2_bin_radiuslimited,20,10000.0,03b1bf49a327ffbf5505fb710d6025e3a5dd7417,0.153382,2021-05-16 13:44:35,4.77169240064384e-5
Rosenbrock,5,de_rand_2_bin_radiuslimited,20,10000.0,03b1bf49a327ffbf5505fb710d6025e3a5dd7417,0.010641,2021-05-16 13:44:35,9.592613590617376e-6
Rosenbrock,10,de_rand_2_bin_radiuslimited,50,50000.0,03b1bf49a327ffbf5505fb710d6025e3a5dd7417,0.051424,2021-05-16 13:44:35,0.36751360934149135
Rosenbrock,10,de_rand_2_bin_radiuslimited,50,50000.0,03b1bf49a327ffbf5505fb710d6025e3a5dd7417,0.051371,2021-05-16 13:44:35,0.5915753467508305
Rosenbrock,30,de_rand_2_bin_radiuslimited,50,200000.0,03b1bf49a327ffbf5505fb710d6025e3a5dd7417,0.290962,2021-05-16 13:44:35,21.318604994133963
Rosenbrock,30,de_rand_2_bin_radiuslimited,50,200000.0,03b1bf49a327ffbf5505fb710d6025e3a5dd7417,0.28413,2021-05-16 13:44:36,21.814572808151595
Rosenbrock,50,de_rand_2_bin_radiuslimited,40,300000.0,03b1bf49a327ffbf5505fb710d6025e3a5dd7417,0.501098,2021-05-16 13:44:36,41.878516082005476
Rosenbrock,50,de_rand_2_bin_radiuslimited,40,300000.0,03b1bf49a327ffbf5505fb710d6025e3a5dd7417,0.502707,2021-05-16 13:44:36,41.12216559087626
Rastrigin,50,de_rand_2_bin_radiuslimited,50,500000.0,03b1bf49a327ffbf5505fb710d6025e3a5dd7417,1.329304,2021-05-16 13:44:37,387.6257717301938
Rastrigin,50,de_rand_2_bin_radiuslimited,50,500000.0,03b1bf49a327ffbf5505fb710d6025e3a5dd7417,1.197517,2021-05-16 13:44:38,360.63329833810036
Rastrigin,100,de_rand_2_bin_radiuslimited,90,800000.0,03b1bf49a327ffbf5505fb710d6025e3a5dd7417,3.162365,2021-05-16 13:44:39,860.3921470915204
Rastrigin,100,de_rand_2_bin_radiuslimited,90,800000.0,03b1bf49a327ffbf5505fb710d6025e3a5dd7417,3.191665,2021-05-16 13:44:43,867.3247753524673
Ackley,50,de_rand_2_bin_radiuslimited,50,500000.0,03b1bf49a327ffbf5505fb710d6025e3a5dd7417,1.098368,2021-05-16 13:44:46,9.919148169501568e-9
Ackley,50,de_rand_2_bin_radiuslimited,50,500000.0,03b1bf49a327ffbf5505fb710d6025e3a5dd7417,0.953296,2021-05-16 13:44:47,1.3247614560896182e-8
Ackley,100,de_rand_2_bin_radiuslimited,90,800000.0,03b1bf49a327ffbf5505fb710d6025e3a5dd7417,2.573727,2021-05-16 13:44:48,0.0015992092918963863
Ackley,100,de_rand_2_bin_radiuslimited,90,800000.0,03b1bf49a327ffbf5505fb710d6025e3a5dd7417,2.595467,2021-05-16 13:44:50,0.001984828666811378
Griewank,50,de_rand_2_bin_radiuslimited,50,500000.0,03b1bf49a327ffbf5505fb710d6025e3a5dd7417,0.874448,2021-05-16 13:44:53,9.8759898037315e-9
Griewank,50,de_rand_2_bin_radiuslimited,50,500000.0,03b1bf49a327ffbf5505fb710d6025e3a5dd7417,0.690976,2021-05-16 13:44:54,9.612857732044233e-9
Griewank,100,de_rand_2_bin_radiuslimited,90,800000.0,03b1bf49a327ffbf5505fb710d6025e3a5dd7417,2.784911,2021-05-16 13:44:55,0.00017040049141503477
Griewank,100,de_rand_2_bin_radiuslimited,90,800000.0,03b1bf49a327ffbf5505fb710d6025e3a5dd7417,2.797879,2021-05-16 13:44:57,0.00027259365911391775
Sphere,5,adaptive_de_rand_1_bin_radiuslimited,20,5000.0,03b1bf49a327ffbf5505fb710d6025e3a5dd7417,0.403055,2021-05-16 13:45:00,7.673508447763414e-9
Sphere,5,adaptive_de_rand_1_bin_radiuslimited,20,5000.0,03b1bf49a327ffbf5505fb710d6025e3a5dd7417,0.004352,2021-05-16 13:45:01,7.650565920576754e-9
Sphere,10,adaptive_de_rand_1_bin_radiuslimited,20,10000.0,03b1bf49a327ffbf5505fb710d6025e3a5dd7417,0.00995,2021-05-16 13:45:01,9.324626152683609e-9
Sphere,10,adaptive_de_rand_1_bin_radiuslimited,20,10000.0,03b1bf49a327ffbf5505fb710d6025e3a5dd7417,0.009192,2021-05-16 13:45:01,7.479570145561361e-9
Sphere,30,adaptive_de_rand_1_bin_radiuslimited,20,30000.0,03b1bf49a327ffbf5505fb710d6025e3a5dd7417,0.032899,2021-05-16 13:45:01,9.50645349660436e-9
Sphere,30,adaptive_de_rand_1_bin_radiuslimited,20,30000.0,03b1bf49a327ffbf5505fb710d6025e3a5dd7417,0.030776,2021-05-16 13:45:01,9.743264185256826e-9
Schwefel2.22,5,adaptive_de_rand_1_bin_radiuslimited,20,5000.0,03b1bf49a327ffbf5505fb710d6025e3a5dd7417,0.1516,2021-05-16 13:45:01,1.333456605943274e-8
Schwefel2.22,5,adaptive_de_rand_1_bin_radiuslimited,20,5000.0,03b1bf49a327ffbf5505fb710d6025e3a5dd7417,0.006599,2021-05-16 13:45:01,6.272174131195655e-8
Schwefel2.22,10,adaptive_de_rand_1_bin_radiuslimited,20,10000.0,03b1bf49a327ffbf5505fb710d6025e3a5dd7417,0.012931,2021-05-16 13:45:01,1.0933515032420833e-7
Schwefel2.22,10,adaptive_de_rand_1_bin_radiuslimited,20,10000.0,03b1bf49a327ffbf5505fb710d6025e3a5dd7417,0.01324,2021-05-16 13:45:01,3.7861635306272944e-8
Schwefel2.22,30,adaptive_de_rand_1_bin_radiuslimited,20,30000.0,03b1bf49a327ffbf5505fb710d6025e3a5dd7417,0.045278,2021-05-16 13:45:01,1.2364117124132885e-7
Schwefel2.22,30,adaptive_de_rand_1_bin_radiuslimited,20,30000.0,03b1bf49a327ffbf5505fb710d6025e3a5dd7417,0.046316,2021-05-16 13:45:01,3.6908337449001816e-8
Schwefel2.21,5,adaptive_de_rand_1_bin_radiuslimited,20,5000.0,03b1bf49a327ffbf5505fb710d6025e3a5dd7417,0.154146,2021-05-16 13:45:01,0.0005812115560893658
Schwefel2.21,5,adaptive_de_rand_1_bin_radiuslimited,20,5000.0,03b1bf49a327ffbf5505fb710d6025e3a5dd7417,0.006445,2021-05-16 13:45:01,0.0002523770762323398
Schwefel2.21,10,adaptive_de_rand_1_bin_radiuslimited,20,10000.0,03b1bf49a327ffbf5505fb710d6025e3a5dd7417,0.013063,2021-05-16 13:45:01,0.008620465657420215
Schwefel2.21,10,adaptive_de_rand_1_bin_radiuslimited,20,10000.0,03b1bf49a327ffbf5505fb710d6025e3a5dd7417,0.013006,2021-05-16 13:45:01,0.013360302578388454
Schwefel2.21,30,adaptive_de_rand_1_bin_radiuslimited,20,30000.0,03b1bf49a327ffbf5505fb710d6025e3a5dd7417,0.04801,2021-05-16 13:45:01,1.2242865907700704
Schwefel2.21,30,adaptive_de_rand_1_bin_radiuslimited,20,30000.0,03b1bf49a327ffbf5505fb710d6025e3a5dd7417,0.047956,2021-05-16 13:45:01,0.8185830903040376
Schwefel1.2,5,adaptive_de_rand_1_bin_radiuslimited,20,5000.0,03b1bf49a327ffbf5505fb710d6025e3a5dd7417,0.167177,2021-05-16 13:45:01,7.926700119381135e-8
Schwefel1.2,5,adaptive_de_rand_1_bin_radiuslimited,20,5000.0,03b1bf49a327ffbf5505fb710d6025e3a5dd7417,0.006321,2021-05-16 13:45:02,1.2896240135294302e-8
Schwefel1.2,10,adaptive_de_rand_1_bin_radiuslimited,50,50000.0,03b1bf49a327ffbf5505fb710d6025e3a5dd7417,0.042396,2021-05-16 13:45:02,9.430600362896829e-9
Schwefel1.2,10,adaptive_de_rand_1_bin_radiuslimited,50,50000.0,03b1bf49a327ffbf5505fb710d6025e3a5dd7417,0.036126,2021-05-16 13:45:02,9.690496395901759e-9
Schwefel1.2,30,adaptive_de_rand_1_bin_radiuslimited,50,200000.0,03b1bf49a327ffbf5505fb710d6025e3a5dd7417,0.314757,2021-05-16 13:45:02,9.87328750458564e-9
Schwefel1.2,30,adaptive_de_rand_1_bin_radiuslimited,50,200000.0,03b1bf49a327ffbf5505fb710d6025e3a5dd7417,0.316851,2021-05-16 13:45:02,3.255495547418456e-8
Schwefel1.2,50,adaptive_de_rand_1_bin_radiuslimited,50,300000.0,03b1bf49a327ffbf5505fb710d6025e3a5dd7417,0.541036,2021-05-16 13:45:02,0.0005250862209194827
Schwefel1.2,50,adaptive_de_rand_1_bin_radiuslimited,50,300000.0,03b1bf49a327ffbf5505fb710d6025e3a5dd7417,0.549217,2021-05-16 13:45:03,0.0010456529694457572
Rosenbrock,5,adaptive_de_rand_1_bin_radiuslimited,20,10000.0,03b1bf49a327ffbf5505fb710d6025e3a5dd7417,0.156976,2021-05-16 13:45:03,1.5254286782972663e-8
Rosenbrock,5,adaptive_de_rand_1_bin_radiuslimited,20,10000.0,03b1bf49a327ffbf5505fb710d6025e3a5dd7417,0.010251,2021-05-16 13:45:04,7.514120463089774e-9
Rosenbrock,10,adaptive_de_rand_1_bin_radiuslimited,50,50000.0,03b1bf49a327ffbf5505fb710d6025e3a5dd7417,0.06098,2021-05-16 13:45:04,9.5217612250179e-9
Rosenbrock,10,adaptive_de_rand_1_bin_radiuslimited,50,50000.0,03b1bf49a327ffbf5505fb710d6025e3a5dd7417,0.046836,2021-05-16 13:45:04,9.504973632105655e-9
Rosenbrock,30,adaptive_de_rand_1_bin_radiuslimited,50,200000.0,03b1bf49a327ffbf5505fb710d6025e3a5dd7417,0.322401,2021-05-16 13:45:04,7.683531625407999
Rosenbrock,30,adaptive_de_rand_1_bin_radiuslimited,50,200000.0,03b1bf49a327ffbf5505fb710d6025e3a5dd7417,0.313372,2021-05-16 13:45:04,5.218405092078439
Rosenbrock,50,adaptive_de_rand_1_bin_radiuslimited,40,300000.0,03b1bf49a327ffbf5505fb710d6025e3a5dd7417,0.532978,2021-05-16 13:45:04,81.20022555716085
Rosenbrock,50,adaptive_de_rand_1_bin_radiuslimited,40,300000.0,03b1bf49a327ffbf5505fb710d6025e3a5dd7417,0.531083,2021-05-16 13:45:05,15.460201026070656
Rastrigin,50,adaptive_de_rand_1_bin_radiuslimited,50,500000.0,03b1bf49a327ffbf5505fb710d6025e3a5dd7417,1.109655,2021-05-16 13:45:05,0.9949590570932401
Rastrigin,50,adaptive_de_rand_1_bin_radiuslimited,50,500000.0,03b1bf49a327ffbf5505fb710d6025e3a5dd7417,0.979272,2021-05-16 13:45:06,1.9899181141864801
Rastrigin,100,adaptive_de_rand_1_bin_radiuslimited,90,800000.0,03b1bf49a327ffbf5505fb710d6025e3a5dd7417,2.40397,2021-05-16 13:45:07,4.974795285466257
Rastrigin,100,adaptive_de_rand_1_bin_radiuslimited,90,800000.0,03b1bf49a327ffbf5505fb710d6025e3a5dd7417,2.336502,2021-05-16 13:45:10,10.944549628025925
Ackley,50,adaptive_de_rand_1_bin_radiuslimited,50,500000.0,03b1bf49a327ffbf5505fb710d6025e3a5dd7417,0.393706,2021-05-16 13:45:12,9.626120345274103e-9
Ackley,50,adaptive_de_rand_1_bin_radiuslimited,50,500000.0,03b1bf49a327ffbf5505fb710d6025e3a5dd7417,0.237183,2021-05-16 13:45:13,9.064457628937816e-9
Ackley,100,adaptive_de_rand_1_bin_radiuslimited,90,800000.0,03b1bf49a327ffbf5505fb710d6025e3a5dd7417,0.983166,2021-05-16 13:45:13,9.851113702552539e-9
Ackley,100,adaptive_de_rand_1_bin_radiuslimited,90,800000.0,03b1bf49a327ffbf5505fb710d6025e3a5dd7417,0.98623,2021-05-16 13:45:14,9.478497986492584e-9
Griewank,50,adaptive_de_rand_1_bin_radiuslimited,50,500000.0,03b1bf49a327ffbf5505fb710d6025e3a5dd7417,0.321192,2021-05-16 13:45:15,9.47508171922351e-9
Griewank,50,adaptive_de_rand_1_bin_radiuslimited,50,500000.0,03b1bf49a327ffbf5505fb710d6025e3a5dd7417,0.164577,2021-05-16 13:45:15,7.208742269781965e-9
Griewank,100,adaptive_de_rand_1_bin_radiuslimited,90,800000.0,03b1bf49a327ffbf5505fb710d6025e3a5dd7417,0.707539,2021-05-16 13:45:15,9.525173649826968e-9
Griewank,100,adaptive_de_rand_1_bin_radiuslimited,90,800000.0,03b1bf49a327ffbf5505fb710d6025e3a5dd7417,0.701978,2021-05-16 13:45:16,9.563524860922712e-9
Sphere,5,de_rand_2_bin,20,5000.0,03b1bf49a327ffbf5505fb710d6025e3a5dd7417,0.281399,2021-05-16 13:45:17,8.858932152761133e-9
Sphere,5,de_rand_2_bin,20,5000.0,03b1bf49a327ffbf5505fb710d6025e3a5dd7417,0.047746,2021-05-16 13:45:17,9.48332555606199e-9
Sphere,10,de_rand_2_bin,20,10000.0,03b1bf49a327ffbf5505fb710d6025e3a5dd7417,0.010036,2021-05-16 13:45:17,6.846217708344319e-5
Sphere,10,de_rand_2_bin,20,10000.0,03b1bf49a327ffbf5505fb710d6025e3a5dd7417,0.010938,2021-05-16 13:45:17,5.082795527786862e-6
Sphere,30,de_rand_2_bin,20,30000.0,03b1bf49a327ffbf5505fb710d6025e3a5dd7417,0.039856,2021-05-16 13:45:17,37.89379176176057
Sphere,30,de_rand_2_bin,20,30000.0,03b1bf49a327ffbf5505fb710d6025e3a5dd7417,0.039987,2021-05-16 13:45:17,59.51943572896771
Schwefel2.22,5,de_rand_2_bin,20,5000.0,03b1bf49a327ffbf5505fb710d6025e3a5dd7417,0.145696,2021-05-16 13:45:17,4.148880621499149e-6
Schwefel2.22,5,de_rand_2_bin,20,5000.0,03b1bf49a327ffbf5505fb710d6025e3a5dd7417,0.005596,2021-05-16 13:45:17,3.8144104195054293e-6
Schwefel2.22,10,de_rand_2_bin,20,10000.0,03b1bf49a327ffbf5505fb710d6025e3a5dd7417,0.011321,2021-05-16 13:45:17,0.00039542759251667186
Schwefel2.22,10,de_rand_2_bin,20,10000.0,03b1bf49a327ffbf5505fb710d6025e3a5dd7417,0.011264,2021-05-16 13:45:17,0.0018745621201232622
Schwefel2.22,30,de_rand_2_bin,20,30000.0,03b1bf49a327ffbf5505fb710d6025e3a5dd7417,0.040869,2021-05-16 13:45:17,7.48996108925022
Schwefel2.22,30,de_rand_2_bin,20,30000.0,03b1bf49a327ffbf5505fb710d6025e3a5dd7417,0.040721,2021-05-16 13:45:17,6.601615191405635
Schwefel2.21,5,de_rand_2_bin,20,5000.0,03b1bf49a327ffbf5505fb710d6025e3a5dd7417,0.148602,2021-05-16 13:45:18,0.0004836225542012354
Schwefel2.21,5,de_rand_2_bin,20,5000.0,03b1bf49a327ffbf5505fb710d6025e3a5dd7417,0.005785,2021-05-16 13:45:18,0.0003536961566082689
Schwefel2.21,10,de_rand_2_bin,20,10000.0,03b1bf49a327ffbf5505fb710d6025e3a5dd7417,0.011671,2021-05-16 13:45:18,0.30217950649416975
Schwefel2.21,10,de_rand_2_bin,20,10000.0,03b1bf49a327ffbf5505fb710d6025e3a5dd7417,0.011755,2021-05-16 13:45:18,0.18147198750730903
Schwefel2.21,30,de_rand_2_bin,20,30000.0,03b1bf49a327ffbf5505fb710d6025e3a5dd7417,0.058992,2021-05-16 13:45:18,35.93317722683844
Schwefel2.21,30,de_rand_2_bin,20,30000.0,03b1bf49a327ffbf5505fb710d6025e3a5dd7417,0.040032,2021-05-16 13:45:18,33.469593549622715
Schwefel1.2,5,de_rand_2_bin,20,5000.0,03b1bf49a327ffbf5505fb710d6025e3a5dd7417,0.144388,2021-05-16 13:45:18,0.0006594810497824455
Schwefel1.2,5,de_rand_2_bin,20,5000.0,03b1bf49a327ffbf5505fb710d6025e3a5dd7417,0.005101,2021-05-16 13:45:18,0.00040483669112419043
Schwefel1.2,10,de_rand_2_bin,50,50000.0,03b1bf49a327ffbf5505fb710d6025e3a5dd7417,0.051776,2021-05-16 13:45:18,1.7758126742310694
Schwefel1.2,10,de_rand_2_bin,50,50000.0,03b1bf49a327ffbf5505fb710d6025e3a5dd7417,0.049091,2021-05-16 13:45:18,1.4546980819216289
Schwefel1.2,30,de_rand_2_bin,50,200000.0,03b1bf49a327ffbf5505fb710d6025e3a5dd7417,0.314614,2021-05-16 13:45:18,22217.137585636985
Schwefel1.2,30,de_rand_2_bin,50,200000.0,03b1bf49a327ffbf5505fb710d6025e3a5dd7417,0.287688,2021-05-16 13:45:18,18530.28330102316
Schwefel1.2,50,de_rand_2_bin,50,300000.0,03b1bf49a327ffbf5505fb710d6025e3a5dd7417,0.555726,2021-05-16 13:45:19,74227.21538907202
Schwefel1.2,50,de_rand_2_bin,50,300000.0,03b1bf49a327ffbf5505fb710d6025e3a5dd7417,0.551336,2021-05-16 13:45:19,65758.92626225896
Rosenbrock,5,de_rand_2_bin,20,10000.0,03b1bf49a327ffbf5505fb710d6025e3a5dd7417,0.149841,2021-05-16 13:45:20,0.0001254018075489858
Rosenbrock,5,de_rand_2_bin,20,10000.0,03b1bf49a327ffbf5505fb710d6025e3a5dd7417,0.01001,2021-05-16 13:45:20,0.00011189319788371506
Rosenbrock,10,de_rand_2_bin,50,50000.0,03b1bf49a327ffbf5505fb710d6025e3a5dd7417,0.065449,2021-05-16 13:45:20,2.8768263688015425
Rosenbrock,10,de_rand_2_bin,50,50000.0,03b1bf49a327ffbf5505fb710d6025e3a5dd7417,0.051911,2021-05-16 13:45:20,1.8272217539861746
Rosenbrock,30,de_rand_2_bin,50,200000.0,03b1bf49a327ffbf5505fb710d6025e3a5dd7417,0.28648,2021-05-16 13:45:20,5205.294768454712
Rosenbrock,30,de_rand_2_bin,50,200000.0,03b1bf49a327ffbf5505fb710d6025e3a5dd7417,0.28121,2021-05-16 13:45:20,3170.802569270045
Rosenbrock,50,de_rand_2_bin,40,300000.0,03b1bf49a327ffbf5505fb710d6025e3a5dd7417,0.504945,2021-05-16 13:45:21,2.9650594009607043e6
Rosenbrock,50,de_rand_2_bin,40,300000.0,03b1bf49a327ffbf5505fb710d6025e3a5dd7417,0.510904,2021-05-16 13:45:21,3.111816154945869e6
Rastrigin,50,de_rand_2_bin,50,500000.0,03b1bf49a327ffbf5505fb710d6025e3a5dd7417,1.362954,2021-05-16 13:45:22,426.8208746565615
Rastrigin,50,de_rand_2_bin,50,500000.0,03b1bf49a327ffbf5505fb710d6025e3a5dd7417,1.220552,2021-05-16 13:45:23,435.3980981325998
Rastrigin,100,de_rand_2_bin,90,800000.0,03b1bf49a327ffbf5505fb710d6025e3a5dd7417,3.281129,2021-05-16 13:45:24,1127.7288720759914
Rastrigin,100,de_rand_2_bin,90,800000.0,03b1bf49a327ffbf5505fb710d6025e3a5dd7417,3.248757,2021-05-16 13:45:28,1140.8839994665918
Ackley,50,de_rand_2_bin,50,500000.0,03b1bf49a327ffbf5505fb710d6025e3a5dd7417,1.340881,2021-05-16 13:45:31,8.265744504887337
Ackley,50,de_rand_2_bin,50,500000.0,03b1bf49a327ffbf5505fb710d6025e3a5dd7417,1.211481,2021-05-16 13:45:32,8.386363802612166
Ackley,100,de_rand_2_bin,90,800000.0,03b1bf49a327ffbf5505fb710d6025e3a5dd7417,3.189237,2021-05-16 13:45:33,19.1703811962795
Ackley,100,de_rand_2_bin,90,800000.0,03b1bf49a327ffbf5505fb710d6025e3a5dd7417,3.182631,2021-05-16 13:45:37,19.036674215391553
Griewank,50,de_rand_2_bin,50,500000.0,03b1bf49a327ffbf5505fb710d6025e3a5dd7417,1.520738,2021-05-16 13:45:40,19.417276672005347
Griewank,50,de_rand_2_bin,50,500000.0,03b1bf49a327ffbf5505fb710d6025e3a5dd7417,1.369575,2021-05-16 13:45:41,13.992041834497275
Griewank,100,de_rand_2_bin,90,800000.0,03b1bf49a327ffbf5505fb710d6025e3a5dd7417,3.748555,2021-05-16 13:45:43,851.8208680112681
Griewank,100,de_rand_2_bin,90,800000.0,03b1bf49a327ffbf5505fb710d6025e3a5dd7417,3.733871,2021-05-16 13:45:46,894.9892304070985
Sphere,5,adaptive_de_rand_1_bin,20,5000.0,03b1bf49a327ffbf5505fb710d6025e3a5dd7417,0.275744,2021-05-16 13:45:50,9.490494226994258e-9
Sphere,5,adaptive_de_rand_1_bin,20,5000.0,03b1bf49a327ffbf5505fb710d6025e3a5dd7417,0.005645,2021-05-16 13:45:51,9.098879215828806e-9
Sphere,10,adaptive_de_rand_1_bin,20,10000.0,03b1bf49a327ffbf5505fb710d6025e3a5dd7417,0.012339,2021-05-16 13:45:51,7.10109530662215e-9
Sphere,10,adaptive_de_rand_1_bin,20,10000.0,03b1bf49a327ffbf5505fb710d6025e3a5dd7417,0.012473,2021-05-16 13:45:51,6.554653000847354e-9
Sphere,30,adaptive_de_rand_1_bin,20,30000.0,03b1bf49a327ffbf5505fb710d6025e3a5dd7417,0.039738,2021-05-16 13:45:51,8.225213518196052e-9
Sphere,30,adaptive_de_rand_1_bin,20,30000.0,03b1bf49a327ffbf5505fb710d6025e3a5dd7417,0.076937,2021-05-16 13:45:51,8.693306752137873e-9
Schwefel2.22,5,adaptive_de_rand_1_bin,20,5000.0,03b1bf49a327ffbf5505fb710d6025e3a5dd7417,0.14662,2021-05-16 13:45:51,1.6973046152024412e-7
Schwefel2.22,5,adaptive_de_rand_1_bin,20,5000.0,03b1bf49a327ffbf5505fb710d6025e3a5dd7417,0.006462,2021-05-16 13:45:51,2.1697181979049412e-8
Schwefel2.22,10,adaptive_de_rand_1_bin,20,10000.0,03b1bf49a327ffbf5505fb710d6025e3a5dd7417,0.012898,2021-05-16 13:45:51,6.532976315364293e-7
Schwefel2.22,10,adaptive_de_rand_1_bin,20,10000.0,03b1bf49a327ffbf5505fb710d6025e3a5dd7417,0.012655,2021-05-16 13:45:51,6.542131942372266e-7
Schwefel2.22,30,adaptive_de_rand_1_bin,20,30000.0,03b1bf49a327ffbf5505fb710d6025e3a5dd7417,0.044468,2021-05-16 13:45:51,1.04996207899523e-6
Schwefel2.22,30,adaptive_de_rand_1_bin,20,30000.0,03b1bf49a327ffbf5505fb710d6025e3a5dd7417,0.045197,2021-05-16 13:45:51,7.720196031678498e-7
Schwefel2.21,5,adaptive_de_rand_1_bin,20,5000.0,03b1bf49a327ffbf5505fb710d6025e3a5dd7417,0.145346,2021-05-16 13:45:51,0.0003980086957475154
Schwefel2.21,5,adaptive_de_rand_1_bin,20,5000.0,03b1bf49a327ffbf5505fb710d6025e3a5dd7417,0.006325,2021-05-16 13:45:51,0.00013638657186562653
Schwefel2.21,10,adaptive_de_rand_1_bin,20,10000.0,03b1bf49a327ffbf5505fb710d6025e3a5dd7417,0.012948,2021-05-16 13:45:51,0.016910319288418418
Schwefel2.21,10,adaptive_de_rand_1_bin,20,10000.0,03b1bf49a327ffbf5505fb710d6025e3a5dd7417,0.01295,2021-05-16 13:45:51,0.021816522902356812
Schwefel2.21,30,adaptive_de_rand_1_bin,20,30000.0,03b1bf49a327ffbf5505fb710d6025e3a5dd7417,0.048011,2021-05-16 13:45:51,2.4286759677643395
Schwefel2.21,30,adaptive_de_rand_1_bin,20,30000.0,03b1bf49a327ffbf5505fb710d6025e3a5dd7417,0.048868,2021-05-16 13:45:51,1.3555094961104517
Schwefel1.2,5,adaptive_de_rand_1_bin,20,5000.0,03b1bf49a327ffbf5505fb710d6025e3a5dd7417,0.147581,2021-05-16 13:45:51,1.6759981297025064e-7
Schwefel1.2,5,adaptive_de_rand_1_bin,20,5000.0,03b1bf49a327ffbf5505fb710d6025e3a5dd7417,0.006272,2021-05-16 13:45:51,3.340361435310207e-7
Schwefel1.2,10,adaptive_de_rand_1_bin,50,50000.0,03b1bf49a327ffbf5505fb710d6025e3a5dd7417,0.076898,2021-05-16 13:45:51,8.867675855424476e-9
Schwefel1.2,10,adaptive_de_rand_1_bin,50,50000.0,03b1bf49a327ffbf5505fb710d6025e3a5dd7417,0.056336,2021-05-16 13:45:51,3.493759522560069e-9
Schwefel1.2,30,adaptive_de_rand_1_bin,50,200000.0,03b1bf49a327ffbf5505fb710d6025e3a5dd7417,0.326373,2021-05-16 13:45:52,7.32644577061254e-7
Schwefel1.2,30,adaptive_de_rand_1_bin,50,200000.0,03b1bf49a327ffbf5505fb710d6025e3a5dd7417,0.314813,2021-05-16 13:45:52,2.3717583357353695e-6
Schwefel1.2,50,adaptive_de_rand_1_bin,50,300000.0,03b1bf49a327ffbf5505fb710d6025e3a5dd7417,0.555358,2021-05-16 13:45:52,0.02366067637454254
Schwefel1.2,50,adaptive_de_rand_1_bin,50,300000.0,03b1bf49a327ffbf5505fb710d6025e3a5dd7417,0.564241,2021-05-16 13:45:53,0.008936577592189484
Rosenbrock,5,adaptive_de_rand_1_bin,20,10000.0,03b1bf49a327ffbf5505fb710d6025e3a5dd7417,0.150895,2021-05-16 13:45:53,2.3148561613378553e-9
Rosenbrock,5,adaptive_de_rand_1_bin,20,10000.0,03b1bf49a327ffbf5505fb710d6025e3a5dd7417,0.012241,2021-05-16 13:45:53,7.058398981759123e-9
Rosenbrock,10,adaptive_de_rand_1_bin,50,50000.0,03b1bf49a327ffbf5505fb710d6025e3a5dd7417,0.063293,2021-05-16 13:45:53,1.2473020878458229e-5
Rosenbrock,10,adaptive_de_rand_1_bin,50,50000.0,03b1bf49a327ffbf5505fb710d6025e3a5dd7417,0.063542,2021-05-16 13:45:54,1.963482396018761e-6
Rosenbrock,30,adaptive_de_rand_1_bin,50,200000.0,03b1bf49a327ffbf5505fb710d6025e3a5dd7417,0.323909,2021-05-16 13:45:54,5.0027298292162445
Rosenbrock,30,adaptive_de_rand_1_bin,50,200000.0,03b1bf49a327ffbf5505fb710d6025e3a5dd7417,0.318865,2021-05-16 13:45:54,3.7885700788343897
Rosenbrock,50,adaptive_de_rand_1_bin,40,300000.0,03b1bf49a327ffbf5505fb710d6025e3a5dd7417,0.538954,2021-05-16 13:45:54,26.376871573890693
Rosenbrock,50,adaptive_de_rand_1_bin,40,300000.0,03b1bf49a327ffbf5505fb710d6025e3a5dd7417,0.546887,2021-05-16 13:45:55,26.731978576863686
Rastrigin,50,adaptive_de_rand_1_bin,50,500000.0,03b1bf49a327ffbf5505fb710d6025e3a5dd7417,0.776714,2021-05-16 13:45:55,7.584446848341031e-9
Rastrigin,50,adaptive_de_rand_1_bin,50,500000.0,03b1bf49a327ffbf5505fb710d6025e3a5dd7417,0.695843,2021-05-16 13:45:56,9.746827345225029e-9
Rastrigin,100,adaptive_de_rand_1_bin,90,800000.0,03b1bf49a327ffbf5505fb710d6025e3a5dd7417,3.06414,2021-05-16 13:45:57,75.18114925526174
Rastrigin,100,adaptive_de_rand_1_bin,90,800000.0,03b1bf49a327ffbf5505fb710d6025e3a5dd7417,3.072693,2021-05-16 13:46:00,82.91876818918513
Ackley,50,adaptive_de_rand_1_bin,50,500000.0,03b1bf49a327ffbf5505fb710d6025e3a5dd7417,0.54417,2021-05-16 13:46:03,9.963436298221495e-9
Ackley,50,adaptive_de_rand_1_bin,50,500000.0,03b1bf49a327ffbf5505fb710d6025e3a5dd7417,0.419293,2021-05-16 13:46:04,9.277705714794138e-9
Ackley,100,adaptive_de_rand_1_bin,90,800000.0,03b1bf49a327ffbf5505fb710d6025e3a5dd7417,2.119135,2021-05-16 13:46:04,9.89568604836677e-9
Ackley,100,adaptive_de_rand_1_bin,90,800000.0,03b1bf49a327ffbf5505fb710d6025e3a5dd7417,2.146998,2021-05-16 13:46:06,9.427928659988538e-9
Griewank,50,adaptive_de_rand_1_bin,50,500000.0,03b1bf49a327ffbf5505fb710d6025e3a5dd7417,0.443563,2021-05-16 13:46:08,9.877747286779481e-9
Griewank,50,adaptive_de_rand_1_bin,50,500000.0,03b1bf49a327ffbf5505fb710d6025e3a5dd7417,0.307343,2021-05-16 13:46:09,9.170104453559702e-9
Griewank,100,adaptive_de_rand_1_bin,90,800000.0,03b1bf49a327ffbf5505fb710d6025e3a5dd7417,1.460641,2021-05-16 13:46:09,9.52905598872178e-9
Griewank,100,adaptive_de_rand_1_bin,90,800000.0,03b1bf49a327ffbf5505fb710d6025e3a5dd7417,1.508258,2021-05-16 13:46:10,9.580050863711165e-9
Sphere,5,probabilistic_descent,20,5000.0,03b1bf49a327ffbf5505fb710d6025e3a5dd7417,0.388852,2021-05-16 13:46:12,8.639967085221437e-9
Sphere,5,probabilistic_descent,20,5000.0,03b1bf49a327ffbf5505fb710d6025e3a5dd7417,0.000702,2021-05-16 13:46:12,8.694117068086721e-9
Sphere,10,probabilistic_descent,20,10000.0,03b1bf49a327ffbf5505fb710d6025e3a5dd7417,0.000881,2021-05-16 13:46:12,9.896622275901088e-9
Sphere,10,probabilistic_descent,20,10000.0,03b1bf49a327ffbf5505fb710d6025e3a5dd7417,0.001098,2021-05-16 13:46:12,9.70753792663538e-9
Sphere,30,probabilistic_descent,20,30000.0,03b1bf49a327ffbf5505fb710d6025e3a5dd7417,0.003739,2021-05-16 13:46:12,9.571310818497906e-9
Sphere,30,probabilistic_descent,20,30000.0,03b1bf49a327ffbf5505fb710d6025e3a5dd7417,0.004427,2021-05-16 13:46:12,9.881927821646118e-9
Schwefel2.22,5,probabilistic_descent,20,5000.0,03b1bf49a327ffbf5505fb710d6025e3a5dd7417,0.227606,2021-05-16 13:46:12,0.06195229756914543
Schwefel2.22,5,probabilistic_descent,20,5000.0,03b1bf49a327ffbf5505fb710d6025e3a5dd7417,0.004009,2021-05-16 13:46:13,0.08526542993635534
Schwefel2.22,10,probabilistic_descent,20,10000.0,03b1bf49a327ffbf5505fb710d6025e3a5dd7417,0.009077,2021-05-16 13:46:13,0.034605147993950605
Schwefel2.22,10,probabilistic_descent,20,10000.0,03b1bf49a327ffbf5505fb710d6025e3a5dd7417,0.009411,2021-05-16 13:46:13,0.9244877535634582
Schwefel2.22,30,probabilistic_descent,20,30000.0,03b1bf49a327ffbf5505fb710d6025e3a5dd7417,0.035887,2021-05-16 13:46:13,91.81458184547236
Schwefel2.22,30,probabilistic_descent,20,30000.0,03b1bf49a327ffbf5505fb710d6025e3a5dd7417,0.040892,2021-05-16 13:46:13,87.83542212667395
Schwefel2.21,5,probabilistic_descent,20,5000.0,03b1bf49a327ffbf5505fb710d6025e3a5dd7417,0.221624,2021-05-16 13:46:13,16.84505170745944
Schwefel2.21,5,probabilistic_descent,20,5000.0,03b1bf49a327ffbf5505fb710d6025e3a5dd7417,0.003242,2021-05-16 13:46:13,0.33237736135598706
Schwefel2.21,10,probabilistic_descent,20,10000.0,03b1bf49a327ffbf5505fb710d6025e3a5dd7417,0.006273,2021-05-16 13:46:13,3.742105282816526
Schwefel2.21,10,probabilistic_descent,20,10000.0,03b1bf49a327ffbf5505fb710d6025e3a5dd7417,0.006034,2021-05-16 13:46:13,12.290591305933274
Schwefel2.21,30,probabilistic_descent,20,30000.0,03b1bf49a327ffbf5505fb710d6025e3a5dd7417,0.024566,2021-05-16 13:46:13,59.50708463790773
Schwefel2.21,30,probabilistic_descent,20,30000.0,03b1bf49a327ffbf5505fb710d6025e3a5dd7417,0.038932,2021-05-16 13:46:13,60.807926926586745
Schwefel1.2,5,probabilistic_descent,20,5000.0,03b1bf49a327ffbf5505fb710d6025e3a5dd7417,0.213865,2021-05-16 13:46:13,8.551296585808668e-9
Schwefel1.2,5,probabilistic_descent,20,5000.0,03b1bf49a327ffbf5505fb710d6025e3a5dd7417,0.000841,2021-05-16 13:46:13,9.981184145865705e-9
Schwefel1.2,10,probabilistic_descent,50,50000.0,03b1bf49a327ffbf5505fb710d6025e3a5dd7417,0.002745,2021-05-16 13:46:13,9.599990566075576e-9
Schwefel1.2,10,probabilistic_descent,50,50000.0,03b1bf49a327ffbf5505fb710d6025e3a5dd7417,0.003005,2021-05-16 13:46:13,9.895982482472341e-9
Schwefel1.2,30,probabilistic_descent,50,200000.0,03b1bf49a327ffbf5505fb710d6025e3a5dd7417,0.031303,2021-05-16 13:46:13,9.989133678918614e-9
Schwefel1.2,30,probabilistic_descent,50,200000.0,03b1bf49a327ffbf5505fb710d6025e3a5dd7417,0.043245,2021-05-16 13:46:13,9.98708474409196e-9
Schwefel1.2,50,probabilistic_descent,50,300000.0,03b1bf49a327ffbf5505fb710d6025e3a5dd7417,0.133134,2021-05-16 13:46:13,9.98653386937824e-9
Schwefel1.2,50,probabilistic_descent,50,300000.0,03b1bf49a327ffbf5505fb710d6025e3a5dd7417,0.115067,2021-05-16 13:46:14,9.976536389404533e-9
Rosenbrock,5,probabilistic_descent,20,10000.0,03b1bf49a327ffbf5505fb710d6025e3a5dd7417,0.221906,2021-05-16 13:46:14,284.96615428787624
Rosenbrock,5,probabilistic_descent,20,10000.0,03b1bf49a327ffbf5505fb710d6025e3a5dd7417,0.00715,2021-05-16 13:46:14,3.9585749517354056
Rosenbrock,10,probabilistic_descent,50,50000.0,03b1bf49a327ffbf5505fb710d6025e3a5dd7417,0.035446,2021-05-16 13:46:14,0.023986903149656354
Rosenbrock,10,probabilistic_descent,50,50000.0,03b1bf49a327ffbf5505fb710d6025e3a5dd7417,0.049456,2021-05-16 13:46:14,4.004531031401811
Rosenbrock,30,probabilistic_descent,50,200000.0,03b1bf49a327ffbf5505fb710d6025e3a5dd7417,0.203224,2021-05-16 13:46:14,4.324784338182215
Rosenbrock,30,probabilistic_descent,50,200000.0,03b1bf49a327ffbf5505fb710d6025e3a5dd7417,0.19508,2021-05-16 13:46:14,4.366841755540975
Rosenbrock,50,probabilistic_descent,40,300000.0,03b1bf49a327ffbf5505fb710d6025e3a5dd7417,0.555418,2021-05-16 13:46:14,16.34468909774043
Rosenbrock,50,probabilistic_descent,40,300000.0,03b1bf49a327ffbf5505fb710d6025e3a5dd7417,0.347936,2021-05-16 13:46:15,14.278483922082128
Rastrigin,50,probabilistic_descent,50,500000.0,03b1bf49a327ffbf5505fb710d6025e3a5dd7417,0.813457,2021-05-16 13:46:15,276.5973888844813
Rastrigin,50,probabilistic_descent,50,500000.0,03b1bf49a327ffbf5505fb710d6025e3a5dd7417,0.590227,2021-05-16 13:46:16,296.49598161435495
Rastrigin,100,probabilistic_descent,90,800000.0,03b1bf49a327ffbf5505fb710d6025e3a5dd7417,1.527421,2021-05-16 13:46:17,717.3614171134145
Rastrigin,100,probabilistic_descent,90,800000.0,03b1bf49a327ffbf5505fb710d6025e3a5dd7417,1.523369,2021-05-16 13:46:18,647.7147993971972
Ackley,50,probabilistic_descent,50,500000.0,03b1bf49a327ffbf5505fb710d6025e3a5dd7417,0.869624,2021-05-16 13:46:20,18.919629712835835
Ackley,50,probabilistic_descent,50,500000.0,03b1bf49a327ffbf5505fb710d6025e3a5dd7417,0.644814,2021-05-16 13:46:21,18.987149762607753
Ackley,100,probabilistic_descent,90,800000.0,03b1bf49a327ffbf5505fb710d6025e3a5dd7417,1.658509,2021-05-16 13:46:21,19.232451863598623
Ackley,100,probabilistic_descent,90,800000.0,03b1bf49a327ffbf5505fb710d6025e3a5dd7417,1.660123,2021-05-16 13:46:23,19.270227782397615
Griewank,50,probabilistic_descent,50,500000.0,03b1bf49a327ffbf5505fb710d6025e3a5dd7417,0.224191,2021-05-16 13:46:25,9.514366738905267e-9
Griewank,50,probabilistic_descent,50,500000.0,03b1bf49a327ffbf5505fb710d6025e3a5dd7417,0.045349,2021-05-16 13:46:25,9.988694205098625e-9
Griewank,100,probabilistic_descent,90,800000.0,03b1bf49a327ffbf5505fb710d6025e3a5dd7417,0.037206,2021-05-16 13:46:25,9.93552262684716e-9
Griewank,100,probabilistic_descent,90,800000.0,03b1bf49a327ffbf5505fb710d6025e3a5dd7417,0.075984,2021-05-16 13:46:25,9.984060356238444e-9
